base_name,window,consecutive,total,normal
11210R,4,1,1,1
11210R,7,1,4,4
11210R,30,1,6,6
11210R,90,1,6,6
11211R,4,1,1,1
11211R,7,1,4,4
11211R,30,1,6,6
11211R,90,1,6,6
11212R,4,1,1,1
11212R,7,1,4,4
11212R,30,1,6,6
11212R,90,1,6,6
11213R,4,1,1,1
11213R,7,1,4,4
11213R,30,1,6,6
11213R,90,1,6,6
11896R,1,1,1,0
11896R,2,1,1,0
11896R,4,1,1,0
11896R,7,1,1,0
11896R,30,1,1,0
11896R,90,1,1,0
11983R,2,1,1,1
11983R,4,1,3,2
11983R,7,1,7,4
11983R,30,1,17,14
11983R,30,2,2,2
11983R,30,3,2,2
11983R,90,1,14,10
11983R,90,2,3,3
11983R,90,3,5,4
11983R,90,4,3,3
12078R,1,1,18,9
12078R,2,1,30,19
12078R,2,2,2,0
12078R,4,1,111,96
12078R,4,2,8,5
12078R,4,3,1,0
12078R,7,1,111,96
12078R,7,2,53,46
12078R,7,3,4,1
12078R,30,1,56,45
12078R,30,2,37,34
12078R,30,3,28,24
12078R,30,4,17,13
12078R,30,5,33,27
12078R,90,1,58,46
12078R,90,2,37,34
12078R,90,3,28,24
12078R,90,4,17,13
12078R,90,5,33,27
12105R,30,1,1,1
12105R,90,1,1,1
12105R,90,2,1,1
12200R,1,1,1,0
12200R,2,1,1,0
12200R,4,1,1,0
12200R,7,1,1,0
12200R,30,1,1,0
12200R,90,1,1,0
12239R,1,1,1,1
12239R,2,1,3,3
12239R,4,1,1,1
12239R,4,2,1,1
12239R,4,3,1,1
12239R,7,1,2,2
12239R,7,2,1,1
12239R,7,3,1,1
12239R,30,1,2,2
12239R,30,2,1,1
12239R,30,3,1,1
12239R,30,4,1,1
12239R,90,1,3,2
12239R,90,2,1,1
12239R,90,3,1,1
12239R,90,4,1,1
12239R,90,5,1,1
12294R,4,1,1,0
12294R,7,1,1,0
12294R,30,1,1,0
12294R,90,1,1,0
12297R,4,1,1,1
12297R,7,1,1,1
12297R,30,1,1,1
12297R,90,1,1,1
12299R,4,1,1,1
12299R,7,1,1,1
12299R,30,1,1,1
12299R,90,1,1,1
12300R,4,1,1,1
12300R,7,1,1,1
12300R,30,1,1,1
12300R,90,1,1,1
12301R,4,1,1,1
12301R,7,1,1,1
12301R,30,1,1,1
12301R,90,1,1,1
12302R,4,1,1,1
12302R,7,1,1,1
12302R,30,1,1,1
12302R,90,1,1,1
12303R,4,1,1,1
12303R,7,1,1,1
12303R,30,1,1,1
12303R,90,1,1,1
12304R,4,1,1,1
12304R,7,1,1,1
12304R,30,1,1,1
12304R,90,1,1,1
12306R,4,1,1,1
12306R,7,1,1,1
12306R,30,1,1,1
12306R,90,1,1,1
12307R,4,1,1,1
12307R,7,1,1,1
12307R,30,1,1,1
12307R,90,1,1,1
12308R,4,1,1,1
12308R,7,1,1,1
12308R,30,1,1,1
12308R,90,1,1,1
12309R,4,1,1,1
12309R,7,1,1,1
12309R,30,1,1,1
12309R,90,1,1,1
12310R,4,1,1,1
12310R,7,1,1,1
12310R,30,1,1,1
12310R,90,1,1,1
12311R,4,1,1,1
12311R,7,1,1,1
12311R,30,1,1,1
12311R,90,1,1,1
12312R,4,1,1,1
12312R,7,1,1,1
12312R,30,1,1,1
12312R,90,1,1,1
12313R,4,1,1,1
12313R,7,1,1,1
12313R,30,1,1,1
12313R,90,1,1,1
12314R,4,1,1,1
12314R,7,1,1,1
12314R,30,1,1,1
12314R,90,1,1,1
12316R,4,1,1,1
12316R,7,1,1,1
12316R,30,1,1,1
12316R,90,1,1,1
12317R,4,1,1,1
12317R,7,1,1,1
12317R,30,1,1,1
12317R,90,1,1,1
12318R,4,1,1,1
12318R,7,1,1,1
12318R,30,1,1,1
12318R,90,1,1,1
12339R,1,1,2,2
12339R,2,1,11,9
12339R,4,1,14,13
12339R,4,2,5,3
12339R,7,1,10,10
12339R,7,2,7,4
12339R,7,3,2,2
12339R,30,1,11,10
12339R,30,2,7,4
12339R,30,3,3,2
12339R,90,1,9,9
12339R,90,2,9,5
12339R,90,3,4,3
125OHD2,1,1,1,1
125OHD2,2,1,4,2
125OHD2,4,1,3,1
125OHD2,4,2,1,1
125OHD2,7,1,5,2
125OHD2,7,2,1,1
125OHD2,30,1,6,4
125OHD2,30,2,2,1
125OHD2,90,1,8,4
125OHD2,90,2,2,1
12644R,1,1,1,1
12644R,1,2,1,0
12644R,2,1,1,1
12644R,2,2,1,0
12644R,4,1,1,1
12644R,4,2,1,0
12644R,7,1,1,1
12644R,7,2,1,0
12644R,30,1,1,1
12644R,30,2,1,0
12644R,90,1,1,1
12644R,90,2,1,0
12766R,1,1,41,26
12766R,1,2,4,3
12766R,1,3,1,1
12766R,2,1,35,22
12766R,2,2,12,9
12766R,2,3,3,3
12766R,2,4,1,1
12766R,4,1,38,22
12766R,4,2,13,7
12766R,4,3,5,5
12766R,4,4,2,2
12766R,4,5,2,2
12766R,7,1,36,22
12766R,7,2,11,7
12766R,7,3,5,5
12766R,7,4,4,2
12766R,7,5,4,2
12766R,30,1,36,22
12766R,30,2,11,7
12766R,30,3,5,5
12766R,30,4,4,2
12766R,30,5,4,2
12766R,90,1,36,22
12766R,90,2,11,7
12766R,90,3,5,5
12766R,90,4,4,2
12766R,90,5,4,2
17OHPROG,1,1,1,0
17OHPROG,2,1,1,0
17OHPROG,4,1,1,0
17OHPROG,7,1,1,0
17OHPROG,30,1,1,0
17OHPROG,90,1,1,0
25OHDT,1,1,15,11
25OHDT,1,2,1,1
25OHDT,2,1,19,15
25OHDT,2,2,2,2
25OHDT,4,1,23,19
25OHDT,4,2,3,3
25OHDT,7,1,27,22
25OHDT,7,2,4,4
25OHDT,30,1,34,26
25OHDT,30,2,4,4
25OHDT,30,3,1,1
25OHDT,90,1,39,29
25OHDT,90,2,4,4
25OHDT,90,3,2,2
25OHDT,90,4,1,1
5FC,1,1,3,3
5FC,2,1,5,4
5FC,4,1,5,4
5FC,7,1,5,4
5FC,7,2,1,1
5FC,30,1,8,6
5FC,30,2,2,2
5FC,90,1,8,6
5FC,90,2,2,2
5HIAAURN,7,1,1,1
5HIAAURN,30,1,1,1
5HIAAURN,90,1,1,1
A1AANTITRYPF,1,1,3,0
A1AANTITRYPF,2,1,3,0
A1AANTITRYPF,4,1,4,0
A1AANTITRYPF,7,1,5,1
A1AANTITRYPF,30,1,5,1
A1AANTITRYPF,30,2,1,1
A1AANTITRYPF,90,1,6,1
A1AANTITRYPF,90,2,1,1
A1AANTITRYPF,90,3,1,0
A1C,1,1,465,416
A1C,1,2,11,9
A1C,2,1,682,613
A1C,2,2,30,28
A1C,2,3,1,1
A1C,4,1,844,752
A1C,4,2,49,46
A1C,4,3,7,6
A1C,4,4,2,2
A1C,7,1,961,854
A1C,7,2,63,59
A1C,7,3,12,11
A1C,7,4,4,3
A1C,7,5,1,1
A1C,30,1,1246,1087
A1C,30,2,127,115
A1C,30,3,23,21
A1C,30,4,5,4
A1C,30,5,1,1
A1C,90,1,1505,1263
A1C,90,2,224,189
A1C,90,3,42,37
A1C,90,4,11,8
A1C,90,5,1,1
AAMINOA,1,1,1,0
AAMINOA,2,1,2,1
AAMINOA,4,1,2,1
AAMINOA,7,1,2,1
AAMINOA,30,1,2,1
AAMINOA,90,1,2,1
ACE,1,1,20,17
ACE,2,1,27,22
ACE,2,2,1,1
ACE,4,1,40,31
ACE,4,2,4,3
ACE,7,1,42,33
ACE,7,2,6,5
ACE,30,1,44,35
ACE,30,2,5,4
ACE,30,3,1,1
ACE,90,1,45,36
ACE,90,2,6,4
ACE,90,3,1,1
ADG1,1,1,1,0
ADG1,2,1,1,0
ADG1,4,1,3,2
ADG1,7,1,3,2
ADG1,30,1,3,2
ADG1,90,1,3,2
ADM1,1,1,1,0
ADM1,2,1,1,0
ADM1,4,1,3,2
ADM1,7,1,3,2
ADM1,30,1,3,2
ADM1,90,1,3,2
ADMACT,4,1,1,0
ADMACT,7,1,1,0
ADMACT,30,1,2,0
ADMACT,90,1,2,0
ADMINH,30,1,3,3
ADMINH,90,1,3,3
AFP,1,1,35,33
AFP,2,1,40,38
AFP,2,2,1,1
AFP,4,1,46,44
AFP,4,2,3,3
AFP,7,1,51,48
AFP,7,2,3,3
AFP,30,1,64,59
AFP,30,2,4,4
AFP,90,1,73,65
AFP,90,2,6,6
AFP,90,3,1,1
AFP,90,4,1,1
AG,1,1,257976,225974
AG,1,2,76050,68412
AG,1,3,22190,20222
AG,1,4,8570,7881
AG,1,5,3738,3469
AG,2,1,205553,178826
AG,2,2,156313,139406
AG,2,3,63685,57626
AG,2,4,39537,36311
AG,2,5,32565,30140
AG,4,1,126749,106064
AG,4,2,89740,78215
AG,4,3,96740,87679
AG,4,4,79437,72944
AG,4,5,114635,106027
AG,7,1,122737,102341
AG,7,2,86438,75122
AG,7,3,62105,55131
AG,7,4,45456,41147
AG,7,5,194262,180446
AG,30,1,116268,96316
AG,30,2,81547,70550
AG,30,3,58678,51863
AG,30,4,43982,39679
AG,30,5,219615,203889
AG,90,1,111732,92064
AG,90,2,78673,67851
AG,90,3,57179,50387
AG,90,4,43236,38924
AG,90,5,236310,219322
AGALA,1,1,44,39
AGALA,2,1,45,40
AGALA,4,1,46,40
AGALA,4,2,1,0
AGALA,7,1,59,52
AGALA,7,2,3,2
AGALA,30,1,75,65
AGALA,30,2,8,7
AGALA,30,3,5,5
AGALA,30,4,9,9
AGALA,90,1,95,85
AGALA,90,2,14,12
AGALA,90,3,6,6
AGALA,90,4,2,2
AGALA,90,5,7,7
ALB,1,1,15620,7266
ALB,1,2,1226,798
ALB,1,3,199,149
ALB,1,4,58,50
ALB,1,5,28,25
ALB,2,1,18730,8174
ALB,2,2,4936,3036
ALB,2,3,716,487
ALB,2,4,295,245
ALB,2,5,163,147
ALB,4,1,17826,6932
ALB,4,2,4361,2453
ALB,4,3,2601,1879
ALB,4,4,1436,1127
ALB,4,5,657,547
ALB,7,1,17965,6931
ALB,7,2,4643,2569
ALB,7,3,1978,1311
ALB,7,4,993,761
ALB,7,5,2136,1769
ALB,30,1,18823,7363
ALB,30,2,5044,2739
ALB,30,3,2131,1400
ALB,30,4,1139,836
ALB,30,5,2522,2053
ALB,90,1,19200,7664
ALB,90,2,5471,2975
ALB,90,3,2360,1526
ALB,90,4,1282,922
ALB,90,5,2791,2240
ALDOLASE,1,1,3,2
ALDOLASE,2,1,5,4
ALDOLASE,2,2,1,1
ALDOLASE,4,1,4,3
ALDOLASE,4,2,2,2
ALDOLASE,7,1,4,3
ALDOLASE,7,2,2,2
ALDOLASE,30,1,5,4
ALDOLASE,30,2,2,2
ALDOLASE,90,1,7,4
ALDOLASE,90,2,2,2
ALDOSTR,2,1,3,0
ALDOSTR,4,1,3,0
ALDOSTR,7,1,4,0
ALDOSTR,30,1,4,0
ALDOSTR,90,1,4,0
ALKP,1,1,68014,64008
ALKP,1,2,9321,8946
ALKP,1,3,2614,2523
ALKP,1,4,1103,1065
ALKP,1,5,452,431
ALKP,2,1,67976,63029
ALKP,2,2,46370,43986
ALKP,2,3,8458,8064
ALKP,2,4,4338,4172
ALKP,2,5,3865,3718
ALKP,4,1,38434,35145
ALKP,4,2,23735,22332
ALKP,4,3,35076,33096
ALKP,4,4,26937,25559
ALKP,4,5,15184,14417
ALKP,7,1,34492,31348
ALKP,7,2,24217,22692
ALKP,7,3,18369,17310
ALKP,7,4,12709,11926
ALKP,7,5,52304,49550
ALKP,30,1,33415,29974
ALKP,30,2,22295,20692
ALKP,30,3,16641,15569
ALKP,30,4,12977,12077
ALKP,30,5,63133,59517
ALKP,90,1,32634,28999
ALKP,90,2,22045,20309
ALKP,90,3,16504,15349
ALKP,90,4,12869,11938
ALKP,90,5,68598,64565
ALKPO4BONE,1,1,2,2
ALKPO4BONE,2,1,2,2
ALKPO4BONE,4,1,2,2
ALKPO4BONE,7,1,2,2
ALKPO4BONE,30,1,2,2
ALKPO4BONE,90,1,3,2
ALT,1,1,80256,76046
ALT,1,2,9038,8651
ALT,1,3,1933,1873
ALT,1,4,684,659
ALT,1,5,232,223
ALT,2,1,81085,76284
ALT,2,2,56256,53617
ALT,2,3,8561,8179
ALT,2,4,4097,3962
ALT,2,5,2695,2610
ALT,4,1,43300,39874
ALT,4,2,27390,25834
ALT,4,3,43676,41698
ALT,4,4,33727,32227
ALT,4,5,14606,14055
ALT,7,1,38906,35621
ALT,7,2,27451,25742
ALT,7,3,20895,19790
ALT,7,4,14823,14077
ALT,7,5,64153,61461
ALT,30,1,36933,33468
ALT,30,2,25065,23309
ALT,30,3,18746,17645
ALT,30,4,14793,13949
ALT,30,5,78658,75062
ALT,90,1,35421,31871
ALT,90,2,24356,22530
ALT,90,3,18392,17235
ALT,90,4,14616,13723
ALT,90,5,86734,82547
AMIKACINTR,1,1,11,7
AMIKACINTR,1,2,1,1
AMIKACINTR,2,1,18,9
AMIKACINTR,2,2,3,3
AMIKACINTR,2,3,1,1
AMIKACINTR,4,1,22,13
AMIKACINTR,4,2,7,6
AMIKACINTR,4,3,2,2
AMIKACINTR,7,1,24,15
AMIKACINTR,7,2,9,8
AMIKACINTR,7,3,4,4
AMIKACINTR,7,4,2,2
AMIKACINTR,30,1,20,10
AMIKACINTR,30,2,7,6
AMIKACINTR,30,3,5,5
AMIKACINTR,30,4,4,3
AMIKACINTR,30,5,7,6
AMIKACINTR,90,1,20,10
AMIKACINTR,90,2,7,6
AMIKACINTR,90,3,5,5
AMIKACINTR,90,4,4,3
AMIKACINTR,90,5,7,6
AMUCRU,4,1,1,0
AMUCRU,7,1,1,0
AMUCRU,30,1,1,0
AMUCRU,90,1,1,0
AMYLASE,1,1,888,840
AMYLASE,1,2,43,41
AMYLASE,1,3,5,5
AMYLASE,1,4,6,6
AMYLASE,1,5,2,2
AMYLASE,2,1,996,940
AMYLASE,2,2,509,490
AMYLASE,2,3,39,38
AMYLASE,2,4,15,15
AMYLASE,2,5,9,9
AMYLASE,4,1,685,626
AMYLASE,4,2,296,284
AMYLASE,4,3,408,400
AMYLASE,4,4,256,250
AMYLASE,4,5,57,54
AMYLASE,7,1,722,660
AMYLASE,7,2,304,290
AMYLASE,7,3,194,188
AMYLASE,7,4,129,125
AMYLASE,7,5,444,435
AMYLASE,30,1,779,710
AMYLASE,30,2,337,318
AMYLASE,30,3,211,203
AMYLASE,30,4,142,137
AMYLASE,30,5,505,493
AMYLASE,90,1,823,744
AMYLASE,90,2,358,337
AMYLASE,90,3,219,209
AMYLASE,90,4,149,144
AMYLASE,90,5,521,509
ANTIXA,1,1,4,2
ANTIXA,2,1,6,2
ANTIXA,2,2,1,1
ANTIXA,4,1,7,2
ANTIXA,4,2,2,2
ANTIXA,7,1,8,2
ANTIXA,7,2,1,1
ANTIXA,7,3,1,1
ANTIXA,30,1,8,2
ANTIXA,30,2,1,1
ANTIXA,30,3,1,1
ANTIXA,30,4,1,1
ANTIXA,90,1,8,2
ANTIXA,90,2,1,1
ANTIXA,90,3,1,1
ANTIXA,90,4,1,1
AST,1,1,64994,57967
AST,1,2,5883,5338
AST,1,3,1026,955
AST,1,4,336,315
AST,1,5,144,136
AST,2,1,71381,62491
AST,2,2,42717,38763
AST,2,3,5350,4873
AST,2,4,2410,2244
AST,2,5,1331,1260
AST,4,1,43166,36263
AST,4,2,24644,21762
AST,4,3,33533,30599
AST,4,4,23236,21405
AST,4,5,7771,7187
AST,7,1,39717,33077
AST,7,2,25357,22221
AST,7,3,17905,15992
AST,7,4,11917,10839
AST,7,5,40594,37512
AST,30,1,38643,31893
AST,30,2,24086,20891
AST,30,3,16918,14934
AST,30,4,12551,11269
AST,30,5,50516,46349
AST,90,1,37777,30934
AST,90,2,23927,20637
AST,90,3,17020,14966
AST,90,4,12689,11296
AST,90,5,56086,51223
ASTRO,1,1,2,2
ASTRO,2,1,2,2
ASTRO,4,1,2,2
ASTRO,7,1,2,2
ASTRO,30,1,3,2
ASTRO,90,1,3,2
AT3,1,1,4,2
AT3,2,1,10,6
AT3,2,2,1,0
AT3,4,1,11,6
AT3,4,2,1,0
AT3,7,1,13,6
AT3,7,2,1,0
AT3,30,1,13,6
AT3,30,2,1,0
AT3,90,1,16,9
AT3,90,2,1,0
ATGA,90,1,1,1
ATGA,90,2,1,1
ATPO,1,1,2,2
ATPO,2,1,4,3
ATPO,4,1,4,3
ATPO,4,2,1,1
ATPO,7,1,4,3
ATPO,7,2,1,1
ATPO,30,1,4,3
ATPO,30,2,1,1
ATPO,90,1,4,3
ATPO,90,2,1,1
ATTGT,1,1,2,0
ATTGT,2,1,2,0
ATTGT,4,1,2,0
ATTGT,7,1,3,1
ATTGT,30,1,3,1
ATTGT,90,1,4,2
B2GP1IGA,1,1,1,1
B2GP1IGA,2,1,1,1
B2GP1IGA,4,1,1,1
B2GP1IGA,7,1,1,1
B2GP1IGA,30,1,2,2
B2GP1IGA,90,1,2,2
B2M,1,1,3,2
B2M,2,1,3,2
B2M,4,1,5,3
B2M,7,1,5,3
B2M,30,1,5,3
B2M,90,1,5,3
B2MCREAT,4,1,2,1
B2MCREAT,7,1,2,1
B2MCREAT,30,1,2,1
B2MCREAT,90,1,2,1
BALN,1,1,1,1
BALN,2,1,2,2
BALN,4,1,2,2
BALN,7,1,2,2
BALN,30,1,2,2
BALN,90,1,2,2
BAMBA,1,1,1,1
BAMBA,2,1,2,2
BAMBA,4,1,2,2
BAMBA,7,1,2,2
BAMBA,30,1,2,2
BAMBA,90,1,2,2
BASO,1,1,154894,152964
BASO,1,2,20865,20532
BASO,1,3,7032,6937
BASO,1,4,3107,3062
BASO,1,5,1425,1411
BASO,2,1,149369,147108
BASO,2,2,109950,108957
BASO,2,3,19662,19400
BASO,2,4,8964,8856
BASO,2,5,10658,10522
BASO,4,1,73353,71446
BASO,4,2,57220,56342
BASO,4,3,82976,82213
BASO,4,4,62859,62409
BASO,4,5,37108,36655
BASO,7,1,67423,65859
BASO,7,2,51811,50839
BASO,7,3,39722,39144
BASO,7,4,30125,29825
BASO,7,5,129620,128356
BASO,30,1,60524,58958
BASO,30,2,46485,45682
BASO,30,3,35896,35320
BASO,30,4,27603,27179
BASO,30,5,159154,157356
BASO,90,1,55858,54392
BASO,90,2,43280,42457
BASO,90,3,33680,33118
BASO,90,4,26323,25883
BASO,90,5,177755,175618
BASOAB,1,1,154553,152395
BASOAB,1,2,20718,20344
BASOAB,1,3,6967,6854
BASOAB,1,4,3090,3037
BASOAB,1,5,1407,1392
BASOAB,2,1,149316,146932
BASOAB,2,2,109621,108461
BASOAB,2,3,19477,19157
BASOAB,2,4,8850,8724
BASOAB,2,5,10517,10362
BASOAB,4,1,73538,71624
BASOAB,4,2,57364,56419
BASOAB,4,3,82795,81903
BASOAB,4,4,62476,61886
BASOAB,4,5,36468,35944
BASOAB,7,1,67645,66076
BASOAB,7,2,52030,51015
BASOAB,7,3,39847,39217
BASOAB,7,4,30196,29843
BASOAB,7,5,128090,126558
BASOAB,30,1,60796,59225
BASOAB,30,2,46740,45895
BASOAB,30,3,36082,35451
BASOAB,30,4,27731,27276
BASOAB,30,5,157387,155262
BASOAB,90,1,56163,54685
BASOAB,90,2,43564,42713
BASOAB,90,3,33922,33309
BASOAB,90,4,26490,26006
BASOAB,90,5,175815,173334
BBFRAC,1,1,5,5
BBFRAC,1,2,1,1
BBFRAC,2,1,6,6
BBFRAC,2,2,1,1
BBFRAC,4,1,5,5
BBFRAC,4,2,2,2
BBFRAC,4,3,1,1
BBFRAC,7,1,5,5
BBFRAC,7,2,2,2
BBFRAC,7,3,1,1
BBFRAC,30,1,5,5
BBFRAC,30,2,2,2
BBFRAC,30,3,1,1
BBFRAC,90,1,5,5
BBFRAC,90,2,2,2
BBFRAC,90,3,1,1
BD,1,1,9062,4432
BD,1,2,3056,1699
BD,1,3,1284,767
BD,1,4,557,339
BD,1,5,410,247
BD,2,1,9152,4438
BD,2,2,3137,1735
BD,2,3,1356,814
BD,2,4,625,377
BD,2,5,552,354
BD,4,1,9227,4462
BD,4,2,3205,1764
BD,4,3,1387,830
BD,4,4,655,392
BD,4,5,641,417
BD,7,1,9282,4478
BD,7,2,3260,1780
BD,7,3,1418,844
BD,7,4,681,410
BD,7,5,677,441
BD,30,1,9409,4502
BD,30,2,3353,1811
BD,30,3,1461,869
BD,30,4,699,424
BD,30,5,753,482
BD,90,1,9462,4521
BD,90,2,3396,1822
BD,90,3,1473,874
BD,90,4,712,430
BD,90,5,762,487
BE,1,1,5315,3641
BE,1,2,2282,1696
BE,1,3,1073,844
BE,1,4,515,425
BE,1,5,394,325
BE,2,1,5298,3567
BE,2,2,2270,1647
BE,2,3,1143,892
BE,2,4,639,507
BE,2,5,888,714
BE,4,1,5331,3539
BE,4,2,2313,1663
BE,4,3,1159,890
BE,4,4,653,504
BE,4,5,1187,945
BE,7,1,5404,3559
BE,7,2,2350,1678
BE,7,3,1190,905
BE,7,4,680,520
BE,7,5,1297,1034
BE,30,1,5522,3604
BE,30,2,2467,1734
BE,30,3,1255,951
BE,30,4,736,549
BE,30,5,1396,1090
BE,90,1,5564,3616
BE,90,2,2512,1761
BE,90,3,1283,961
BE,90,4,749,556
BE,90,5,1433,1116
BHCG,1,1,1,1
BHCG,2,1,1,1
BHCG,4,1,1,1
BHCG,7,1,2,2
BHCG,30,1,3,2
BHCG,30,2,1,1
BHCG,30,3,1,1
BHCG,90,1,4,4
BHCG,90,2,2,1
BHCG,90,3,1,1
BHCG,90,4,1,1
BLASTS,1,1,3,1
BLASTS,2,1,4,1
BLASTS,4,1,4,1
BLASTS,7,1,4,1
BLASTS,30,1,5,1
BLASTS,30,2,1,0
BLASTS,90,1,6,1
BLASTS,90,2,1,0
BLASTSAB,1,1,150,102
BLASTSAB,1,2,6,4
BLASTSAB,2,1,207,129
BLASTSAB,2,2,39,27
BLASTSAB,2,3,2,2
BLASTSAB,4,1,211,130
BLASTSAB,4,2,61,39
BLASTSAB,4,3,20,13
BLASTSAB,4,4,1,1
BLASTSAB,7,1,205,127
BLASTSAB,7,2,65,41
BLASTSAB,7,3,24,17
BLASTSAB,7,4,7,5
BLASTSAB,7,5,2,2
BLASTSAB,30,1,222,129
BLASTSAB,30,2,77,44
BLASTSAB,30,3,26,18
BLASTSAB,30,4,12,7
BLASTSAB,30,5,13,12
BLASTSAB,90,1,227,127
BLASTSAB,90,2,82,45
BLASTSAB,90,3,29,20
BLASTSAB,90,4,14,9
BLASTSAB,90,5,14,12
BNP,1,1,125,82
BNP,1,2,3,2
BNP,2,1,156,103
BNP,2,2,33,13
BNP,2,3,1,1
BNP,4,1,167,105
BNP,4,2,42,17
BNP,4,3,3,3
BNP,7,1,190,116
BNP,7,2,43,17
BNP,7,3,2,2
BNP,7,4,1,1
BNP,30,1,243,141
BNP,30,2,47,19
BNP,30,3,4,2
BNP,30,4,1,1
BNP,90,1,300,171
BNP,90,2,56,24
BNP,90,3,4,2
BNP,90,4,1,1
BOH,1,1,8,4
BOH,1,2,3,3
BOH,1,3,2,2
BOH,1,4,2,1
BOH,2,1,11,7
BOH,2,2,5,4
BOH,2,3,2,2
BOH,2,4,2,1
BOH,4,1,12,6
BOH,4,2,5,5
BOH,4,3,4,3
BOH,4,4,2,1
BOH,7,1,12,6
BOH,7,2,4,4
BOH,7,3,4,3
BOH,7,4,4,3
BOH,30,1,12,6
BOH,30,2,6,5
BOH,30,3,4,3
BOH,30,4,3,2
BOH,30,5,1,1
BOH,90,1,12,6
BOH,90,2,6,5
BOH,90,3,4,3
BOH,90,4,3,2
BOH,90,5,1,1
BUN,1,1,198685,185478
BUN,1,2,48703,45876
BUN,1,3,13890,13225
BUN,1,4,5860,5595
BUN,1,5,3064,2946
BUN,2,1,165044,152828
BUN,2,2,128285,120520
BUN,2,3,43763,41236
BUN,2,4,24800,23427
BUN,2,5,22021,20967
BUN,4,1,93346,84660
BUN,4,2,69400,64093
BUN,4,3,80812,76498
BUN,4,4,67860,64521
BUN,4,5,81480,77349
BUN,7,1,89813,81274
BUN,7,2,66317,61097
BUN,7,3,47606,44518
BUN,7,4,35120,32977
BUN,7,5,157541,150340
BUN,30,1,84500,75994
BUN,30,2,62099,56972
BUN,30,3,44472,41385
BUN,30,4,33649,31431
BUN,30,5,179925,171314
BUN,90,1,80998,72508
BUN,90,2,59878,54758
BUN,90,3,43323,40161
BUN,90,4,33065,30769
BUN,90,5,193578,183965
C125,1,1,4,4
C125,2,1,5,5
C125,4,1,7,7
C125,4,2,1,1
C125,7,1,8,7
C125,7,2,1,1
C125,30,1,12,11
C125,30,2,1,1
C125,90,1,11,10
C125,90,2,3,2
C199,1,1,12,10
C199,2,1,12,10
C199,4,1,15,12
C199,7,1,18,13
C199,30,1,20,15
C199,90,1,22,17
C199,90,2,1,1
C1Q,1,1,1,0
C1Q,2,1,1,0
C1Q,4,1,2,1
C1Q,7,1,2,1
C1Q,30,1,2,1
C1Q,90,1,2,1
CAB,1,1,1,0
CAB,2,1,1,0
CAB,4,1,1,0
CAB,7,1,2,0
CAB,30,1,5,3
CAB,90,1,7,4
CCPT,1,1,3,2
CCPT,2,1,3,2
CCPT,4,1,3,2
CCPT,7,1,3,2
CCPT,30,1,3,2
CCPT,90,1,3,2
CD34AB,1,1,7,3
CD34AB,2,1,9,6
CD34AB,2,2,2,1
CD34AB,4,1,5,3
CD34AB,4,2,3,1
CD34AB,4,3,3,3
CD34AB,7,1,5,3
CD34AB,7,2,3,1
CD34AB,7,3,1,1
CD34AB,7,4,1,1
CD34AB,7,5,1,1
CD34AB,30,1,5,3
CD34AB,30,2,3,1
CD34AB,30,3,1,1
CD34AB,30,4,1,1
CD34AB,30,5,1,1
CD34AB,90,1,5,3
CD34AB,90,2,3,1
CD34AB,90,3,1,1
CD34AB,90,4,1,1
CD34AB,90,5,1,1
CEA,1,1,14,12
CEA,2,1,16,13
CEA,4,1,18,15
CEA,4,2,1,1
CEA,7,1,20,17
CEA,7,2,1,1
CEA,30,1,23,19
CEA,30,2,1,1
CEA,90,1,24,20
CEA,90,2,1,1
CHOL,1,1,513,490
CHOL,1,2,14,14
CHOL,1,3,2,2
CHOL,1,4,1,1
CHOL,2,1,621,593
CHOL,2,2,53,51
CHOL,2,3,3,3
CHOL,2,4,1,1
CHOL,2,5,1,1
CHOL,4,1,677,644
CHOL,4,2,56,54
CHOL,4,3,25,25
CHOL,4,4,11,11
CHOL,4,5,1,1
CHOL,7,1,729,693
CHOL,7,2,68,66
CHOL,7,3,16,16
CHOL,7,4,9,9
CHOL,7,5,15,15
CHOL,30,1,803,761
CHOL,30,2,92,89
CHOL,30,3,25,24
CHOL,30,4,15,15
CHOL,30,5,24,23
CHOL,90,1,919,870
CHOL,90,2,122,117
CHOL,90,3,28,27
CHOL,90,4,15,15
CHOL,90,5,28,27
CHOLHDL,1,1,479,453
CHOLHDL,1,2,16,15
CHOLHDL,1,3,2,2
CHOLHDL,1,4,1,1
CHOLHDL,2,1,580,550
CHOLHDL,2,2,49,46
CHOLHDL,2,3,3,2
CHOLHDL,2,4,1,1
CHOLHDL,2,5,1,1
CHOLHDL,4,1,608,575
CHOLHDL,4,2,50,46
CHOLHDL,4,3,22,21
CHOLHDL,4,4,11,11
CHOLHDL,4,5,1,1
CHOLHDL,7,1,655,613
CHOLHDL,7,2,53,49
CHOLHDL,7,3,12,11
CHOLHDL,7,4,8,8
CHOLHDL,7,5,15,15
CHOLHDL,30,1,730,682
CHOLHDL,30,2,73,65
CHOLHDL,30,3,15,13
CHOLHDL,30,4,9,9
CHOLHDL,30,5,15,15
CHOLHDL,90,1,842,780
CHOLHDL,90,2,96,87
CHOLHDL,90,3,18,16
CHOLHDL,90,4,9,9
CHOLHDL,90,5,16,15
CIG,1,1,1,0
CIG,2,1,1,0
CIG,4,1,1,0
CIG,7,1,2,0
CIG,30,1,6,3
CIG,90,1,10,7
CINDX,1,1,1,0
CINDX,2,1,1,0
CINDX,4,1,1,0
CINDX,7,1,3,1
CINDX,30,1,8,5
CINDX,30,2,1,0
CINDX,90,1,11,6
CINDX,90,2,1,0
CK,1,1,9935,9209
CK,1,2,5482,5248
CK,1,3,2068,2005
CK,1,4,567,548
CK,1,5,149,145
CK,2,1,9180,8471
CK,2,2,4945,4694
CK,2,3,2438,2344
CK,2,4,1439,1386
CK,2,5,1630,1591
CK,4,1,8845,8114
CK,4,2,4745,4480
CK,4,3,2447,2352
CK,4,4,1430,1370
CK,4,5,2909,2826
CK,7,1,8907,8165
CK,7,2,4826,4542
CK,7,3,2400,2290
CK,7,4,1400,1340
CK,7,5,3471,3371
CK,30,1,8671,7926
CK,30,2,4880,4590
CK,30,3,2632,2496
CK,30,4,1614,1536
CK,30,5,4325,4167
CK,90,1,8533,7781
CK,90,2,4907,4604
CK,90,3,2760,2616
CK,90,4,1744,1654
CK,90,5,4879,4684
CKMB,1,1,7152,5962
CKMB,1,2,3676,3314
CKMB,1,3,1318,1206
CKMB,1,4,298,271
CKMB,1,5,60,57
CKMB,2,1,6990,5779
CKMB,2,2,3347,2975
CKMB,2,3,1314,1179
CKMB,2,4,673,597
CKMB,2,5,895,822
CKMB,4,1,6885,5660
CKMB,4,2,3340,2963
CKMB,4,3,1440,1275
CKMB,4,4,736,646
CKMB,4,5,1182,1070
CKMB,7,1,6885,5641
CKMB,7,2,3368,2976
CKMB,7,3,1475,1304
CKMB,7,4,784,682
CKMB,7,5,1306,1175
CKMB,30,1,6830,5552
CKMB,30,2,3424,2996
CKMB,30,3,1623,1415
CKMB,30,4,887,765
CKMB,30,5,1565,1406
CKMB,90,1,6785,5493
CKMB,90,2,3496,3040
CKMB,90,3,1718,1492
CKMB,90,4,963,832
CKMB,90,5,1744,1555
CL,1,1,252904,228875
CL,1,2,74889,68025
CL,1,3,28246,25846
CL,1,4,15229,14052
CL,1,5,23896,21776
CL,2,1,207878,186091
CL,2,2,159230,147987
CL,2,3,61678,56977
CL,2,4,39219,36476
CL,2,5,59216,55057
CL,4,1,123364,105384
CL,4,2,89459,81289
CL,4,3,102279,96039
CL,4,4,84934,80321
CL,4,5,137332,128843
CL,7,1,119053,101293
CL,7,2,85780,77733
CL,7,3,62946,58269
CL,7,4,47353,44186
CL,7,5,226151,213823
CL,30,1,112525,95117
CL,30,2,80563,72671
CL,30,3,58930,54276
CL,30,4,45288,42087
CL,30,5,253315,239109
CL,90,1,108080,90928
CL,90,2,77818,69935
CL,90,3,57420,52678
CL,90,4,44492,41217
CL,90,5,270092,254507
CO2,1,1,251977,229059
CO2,1,2,72252,66854
CO2,1,3,21244,19876
CO2,1,4,8666,8208
CO2,1,5,3619,3449
CO2,2,1,203283,183243
CO2,2,2,156600,144626
CO2,2,3,62060,57660
CO2,2,4,38232,35825
CO2,2,5,33119,31294
CO2,4,1,117364,102722
CO2,4,2,89228,81191
CO2,4,3,98629,91838
CO2,4,4,82764,77549
CO2,4,5,117618,110315
CO2,7,1,111994,97714
CO2,7,2,82244,74538
CO2,7,3,62101,57165
CO2,7,4,46621,43210
CO2,7,5,206283,194122
CO2,30,1,105773,91780
CO2,30,2,77265,69779
CO2,30,3,56815,52047
CO2,30,4,43385,40082
CO2,30,5,235186,220954
CO2,90,1,101215,87487
CO2,90,2,74477,67088
CO2,90,3,55387,50623
CO2,90,4,42733,39359
CO2,90,5,251916,236389
COHB,1,1,19914,18100
COHB,1,2,12527,11793
COHB,1,3,9024,8603
COHB,1,4,6127,5912
COHB,1,5,11044,10730
COHB,2,1,18450,16655
COHB,2,2,11554,10858
COHB,2,3,8123,7717
COHB,2,4,6076,5841
COHB,2,5,17164,16617
COHB,4,1,17533,15767
COHB,4,2,10913,10231
COHB,4,3,7828,7425
COHB,4,4,5855,5610
COHB,4,5,20858,20169
COHB,7,1,17141,15392
COHB,7,2,10753,10069
COHB,7,3,7580,7188
COHB,7,4,5686,5454
COHB,7,5,22923,22139
COHB,30,1,16527,14779
COHB,30,2,10520,9834
COHB,30,3,7509,7119
COHB,30,4,5696,5450
COHB,30,5,25455,24553
COHB,90,1,16378,14624
COHB,90,2,10481,9798
COHB,90,3,7523,7124
COHB,90,4,5700,5441
COHB,90,5,26318,25374
COPPER,1,1,5,3
COPPER,2,1,8,5
COPPER,2,2,1,1
COPPER,4,1,8,5
COPPER,4,2,1,1
COPPER,7,1,9,6
COPPER,7,2,2,1
COPPER,30,1,11,7
COPPER,30,2,2,1
COPPER,90,1,13,9
COPPER,90,2,2,1
COPRO3,4,1,1,1
COPRO3,7,1,1,1
COPRO3,30,1,1,1
COPRO3,90,1,1,1
COPROU,1,1,1,1
COPROU,2,1,1,1
COPROU,4,1,2,2
COPROU,7,1,2,2
COPROU,30,1,2,2
COPROU,90,1,2,2
CR,1,1,187198,174297
CR,1,2,42065,39813
CR,1,3,11717,11251
CR,1,4,4775,4628
CR,1,5,2173,2118
CR,2,1,159390,146774
CR,2,2,122012,116289
CR,2,3,38280,36503
CR,2,4,21629,20782
CR,2,5,18874,18372
CR,4,1,84985,74713
CR,4,2,60938,56823
CR,4,3,80145,76959
CR,4,4,68393,66220
CR,4,5,74400,72121
CR,7,1,81331,71092
CR,7,2,57813,53708
CR,7,3,41763,39569
CR,7,4,30998,29690
CR,7,5,160310,155750
CR,30,1,76052,65797
CR,30,2,53524,49391
CR,30,3,38334,36013
CR,30,4,29059,27624
CR,30,5,183149,177594
CR,90,1,72581,62241
CR,90,2,51229,46987
CR,90,3,36935,34530
CR,90,4,28170,26672
CR,90,5,197174,190856
CRP,1,1,86,41
CRP,1,2,1,1
CRP,2,1,130,64
CRP,2,2,17,5
CRP,4,1,239,106
CRP,4,2,28,10
CRP,4,3,5,3
CRP,4,4,2,1
CRP,7,1,277,114
CRP,7,2,55,22
CRP,7,3,7,3
CRP,7,4,3,1
CRP,30,1,313,116
CRP,30,2,68,27
CRP,30,3,20,8
CRP,30,4,5,2
CRP,30,5,4,3
CRP,90,1,332,119
CRP,90,2,72,29
CRP,90,3,20,8
CRP,90,4,6,2
CRP,90,5,4,3
CYCLXR,30,1,1,1
CYCLXR,90,1,1,1
CYTHN,1,1,1,1
CYTHN,2,1,2,2
CYTHN,4,1,2,2
CYTHN,7,1,2,2
CYTHN,30,1,2,2
CYTHN,90,1,2,2
CZPFR,4,1,2,1
CZPFR,7,1,4,3
CZPFR,30,1,6,5
CZPFR,30,2,1,1
CZPFR,90,1,6,5
CZPFR,90,2,1,1
CZPTOT,4,1,2,1
CZPTOT,7,1,4,3
CZPTOT,30,1,6,5
CZPTOT,30,2,1,1
CZPTOT,90,1,7,5
CZPTOT,90,2,1,1
DBIL,1,1,5137,3713
DBIL,1,2,276,223
DBIL,1,3,86,71
DBIL,1,4,16,14
DBIL,1,5,3,3
DBIL,2,1,7093,4923
DBIL,2,2,2746,2147
DBIL,2,3,191,154
DBIL,2,4,87,73
DBIL,2,5,70,57
DBIL,4,1,5120,3320
DBIL,4,2,2320,1671
DBIL,4,3,2332,1875
DBIL,4,4,1183,993
DBIL,4,5,204,167
DBIL,7,1,5090,3246
DBIL,7,2,2337,1677
DBIL,7,3,1427,1111
DBIL,7,4,809,637
DBIL,7,5,1878,1589
DBIL,30,1,5174,3220
DBIL,30,2,2427,1702
DBIL,30,3,1397,1081
DBIL,30,4,894,696
DBIL,30,5,2173,1828
DBIL,90,1,5280,3261
DBIL,90,2,2461,1712
DBIL,90,3,1425,1095
DBIL,90,4,902,699
DBIL,90,5,2258,1885
DDIMER,1,1,322,178
DDIMER,1,2,33,17
DDIMER,1,3,3,2
DDIMER,1,4,2,1
DDIMER,1,5,1,1
DDIMER,2,1,365,203
DDIMER,2,2,140,82
DDIMER,2,3,14,8
DDIMER,2,4,5,2
DDIMER,2,5,2,1
DDIMER,4,1,324,164
DDIMER,4,2,125,73
DDIMER,4,3,75,47
DDIMER,4,4,26,17
DDIMER,4,5,7,5
DDIMER,7,1,329,165
DDIMER,7,2,128,72
DDIMER,7,3,55,35
DDIMER,7,4,29,21
DDIMER,7,5,28,15
DDIMER,30,1,344,169
DDIMER,30,2,132,73
DDIMER,30,3,58,36
DDIMER,30,4,29,21
DDIMER,30,5,28,15
DDIMER,90,1,357,175
DDIMER,90,2,136,73
DDIMER,90,3,63,37
DDIMER,90,4,31,23
DDIMER,90,5,31,16
DESIP,1,1,1,0
DESIP,2,1,2,0
DESIP,4,1,2,0
DESIP,7,1,4,1
DESIP,30,1,3,1
DESIP,30,2,1,0
DESIP,90,1,3,2
DESIP,90,2,2,0
DFIGG,1,1,2,1
DFIGG,2,1,2,1
DFIGG,4,1,2,1
DFIGG,7,1,2,1
DFIGG,30,1,2,1
DFIGG,90,1,2,1
DFIGM,1,1,2,1
DFIGM,2,1,2,1
DFIGM,4,1,2,1
DFIGM,7,1,2,1
DFIGM,30,1,2,1
DFIGM,90,1,2,1
DHEA,2,1,1,0
DHEA,4,1,1,0
DHEA,7,1,1,0
DHEA,30,1,1,0
DHEA,90,1,1,0
DOPA,4,1,3,2
DOPA,7,1,3,2
DOPA,30,1,3,2
DOPA,90,1,4,3
DRVVLA,1,1,1,1
DRVVLA,2,1,1,1
DRVVLA,4,1,1,1
DRVVLA,7,1,2,1
DRVVLA,30,1,2,1
DRVVLA,90,1,2,1
DYSPL,1,1,1,0
DYSPL,2,1,1,0
DYSPL,4,1,1,0
DYSPL,7,1,1,0
DYSPL,30,1,1,0
DYSPL,90,1,1,0
EOS,1,1,157720,155605
EOS,1,2,21586,21201
EOS,1,3,7247,7122
EOS,1,4,3254,3183
EOS,1,5,1497,1475
EOS,2,1,150773,148377
EOS,2,2,112333,111224
EOS,2,3,20284,19958
EOS,2,4,9342,9215
EOS,2,5,11062,10881
EOS,4,1,73808,71841
EOS,4,2,57121,56225
EOS,4,3,84216,83326
EOS,4,4,64873,64347
EOS,4,5,38338,37800
EOS,7,1,68019,66413
EOS,7,2,52341,51309
EOS,7,3,40156,39531
EOS,7,4,30324,29989
EOS,7,5,132694,131267
EOS,30,1,61024,59433
EOS,30,2,46976,46116
EOS,30,3,36317,35677
EOS,30,4,27934,27490
EOS,30,5,162284,160301
EOS,90,1,56344,54864
EOS,90,2,43762,42903
EOS,90,3,34129,33493
EOS,90,4,26668,26211
EOS,90,5,180891,178555
EOSAB,1,1,92425,76934
EOSAB,1,2,9083,7890
EOSAB,1,3,2650,2390
EOSAB,1,4,1008,930
EOSAB,1,5,405,377
EOSAB,2,1,100584,82210
EOSAB,2,2,55464,49713
EOSAB,2,3,7639,6801
EOSAB,2,4,3305,3044
EOSAB,2,5,3290,3054
EOSAB,4,1,63245,47284
EOSAB,4,2,35912,31078
EOSAB,4,3,40885,37350
EOSAB,4,4,26447,24347
EOSAB,4,5,11008,10149
EOSAB,7,1,61705,45760
EOSAB,7,2,34855,29954
EOSAB,7,3,22965,20583
EOSAB,7,4,15628,14166
EOSAB,7,5,45271,41902
EOSAB,30,1,60436,44216
EOSAB,30,2,34222,29040
EOSAB,30,3,22576,19953
EOSAB,30,4,15753,14088
EOSAB,30,5,53659,49154
EOSAB,90,1,59425,43140
EOSAB,90,2,34126,28639
EOSAB,90,3,22794,19941
EOSAB,90,4,16150,14309
EOSAB,90,5,58770,53340
EPINEP,4,1,4,3
EPINEP,7,1,4,3
EPINEP,30,1,4,3
EPINEP,90,1,5,4
ESTRADIOL,4,1,1,0
ESTRADIOL,7,1,1,0
ESTRADIOL,30,1,2,1
ESTRADIOL,90,1,2,1
F8INH,1,1,1,1
F8INH,2,1,1,1
F8INH,4,1,1,1
F8INH,7,1,1,1
F8INH,30,1,2,1
F8INH,30,2,1,0
F8INH,90,1,2,1
F8INH,90,2,1,0
FACIDTOT,1,1,1,1
FACIDTOT,2,1,1,1
FACIDTOT,4,1,2,2
FACIDTOT,7,1,2,2
FACIDTOT,30,1,2,2
FACIDTOT,30,2,3,3
FACIDTOT,30,3,1,1
FACIDTOT,90,1,1,1
FACIDTOT,90,2,1,1
FACIDTOT,90,3,1,1
FACIDTOT,90,4,1,1
FACIDTOT,90,5,2,2
FATPC,1,1,1,1
FATPC,2,1,1,1
FATPC,4,1,3,1
FATPC,7,1,3,1
FATPC,30,1,3,1
FATPC,90,1,3,1
FATTOT,4,1,1,1
FATTOT,7,1,1,1
FATTOT,30,1,1,1
FATTOT,90,1,1,1
FIBRINOGENA,1,1,8,3
FIBRINOGENA,2,1,21,11
FIBRINOGENA,2,2,2,1
FIBRINOGENA,4,1,17,11
FIBRINOGENA,4,2,7,3
FIBRINOGENA,4,3,5,3
FIBRINOGENA,7,1,15,9
FIBRINOGENA,7,2,7,5
FIBRINOGENA,7,3,4,1
FIBRINOGENA,7,4,1,1
FIBRINOGENA,7,5,2,1
FIBRINOGENA,30,1,15,9
FIBRINOGENA,30,2,7,5
FIBRINOGENA,30,3,4,1
FIBRINOGENA,30,4,1,1
FIBRINOGENA,30,5,2,1
FIBRINOGENA,90,1,15,9
FIBRINOGENA,90,2,7,5
FIBRINOGENA,90,3,4,1
FIBRINOGENA,90,4,1,1
FIBRINOGENA,90,5,2,1
FLEC,1,1,1,0
FLEC,2,1,1,0
FLEC,4,1,2,0
FLEC,7,1,2,0
FLEC,30,1,3,1
FLEC,90,1,4,2
FLEC,90,2,1,1
FLUCOZ,1,1,1,1
FLUCOZ,2,1,1,1
FLUCOZ,4,1,1,1
FLUCOZ,7,1,3,2
FLUCOZ,30,1,7,2
FLUCOZ,90,1,8,2
FMYABM,4,1,1,1
FMYABM,7,1,1,1
FMYABM,30,1,1,1
FMYABM,90,1,1,1
FREEVITA,1,1,1,0
FREEVITA,2,1,2,1
FREEVITA,4,1,3,2
FREEVITA,7,1,4,2
FREEVITA,30,1,6,3
FREEVITA,90,1,7,5
FREEVITA,90,2,2,1
FRUCTM,2,1,1,1
FRUCTM,4,1,1,1
FRUCTM,7,1,1,1
FRUCTM,30,1,1,1
FRUCTM,90,1,3,3
FSH,4,1,1,0
FSH,7,1,1,0
FSH,30,1,1,0
FSH,90,1,1,0
GAD65AB,2,1,1,1
GAD65AB,4,1,1,1
GAD65AB,7,1,1,1
GAD65AB,30,1,1,1
GAD65AB,90,1,1,1
GASTRIN,1,1,1,0
GASTRIN,2,1,2,1
GASTRIN,4,1,5,3
GASTRIN,7,1,6,3
GASTRIN,30,1,6,3
GASTRIN,90,1,6,3
GENTTRO,1,1,94,74
GENTTRO,1,2,6,4
GENTTRO,2,1,160,122
GENTTRO,2,2,33,30
GENTTRO,2,3,2,2
GENTTRO,4,1,150,110
GENTTRO,4,2,63,57
GENTTRO,4,3,33,28
GENTTRO,4,4,7,6
GENTTRO,7,1,146,105
GENTTRO,7,2,71,64
GENTTRO,7,3,32,26
GENTTRO,7,4,15,14
GENTTRO,7,5,16,15
GENTTRO,30,1,139,98
GENTTRO,30,2,65,58
GENTTRO,30,3,33,25
GENTTRO,30,4,16,15
GENTTRO,30,5,36,33
GENTTRO,90,1,140,99
GENTTRO,90,2,66,59
GENTTRO,90,3,33,25
GENTTRO,90,4,16,15
GENTTRO,90,5,37,33
GGT,1,1,122,111
GGT,1,2,9,9
GGT,1,3,8,8
GGT,1,4,7,7
GGT,1,5,1,1
GGT,2,1,137,124
GGT,2,2,78,75
GGT,2,3,7,7
GGT,2,4,5,5
GGT,2,5,6,6
GGT,4,1,81,69
GGT,4,2,47,47
GGT,4,3,72,70
GGT,4,4,38,35
GGT,4,5,7,6
GGT,7,1,77,65
GGT,7,2,48,48
GGT,7,3,35,33
GGT,7,4,21,19
GGT,7,5,70,67
GGT,30,1,80,66
GGT,30,2,46,46
GGT,30,3,35,33
GGT,30,4,21,19
GGT,30,5,86,82
GGT,90,1,84,66
GGT,90,2,45,45
GGT,90,3,34,32
GGT,90,4,22,20
GGT,90,5,91,87
GH,1,1,7,5
GH,1,2,1,1
GH,1,3,1,1
GH,2,1,13,11
GH,2,2,1,1
GH,2,3,1,1
GH,4,1,14,13
GH,4,2,3,2
GH,4,3,1,1
GH,7,1,14,13
GH,7,2,3,2
GH,7,3,1,1
GH,30,1,14,13
GH,30,2,3,2
GH,30,3,1,1
GH,90,1,14,13
GH,90,2,3,2
GH,90,3,1,1
GLU,1,1,92451,46637
GLU,1,2,12261,6394
GLU,1,3,3050,1700
GLU,1,4,1173,724
GLU,1,5,993,663
GLU,2,1,104905,53620
GLU,2,2,36360,22497
GLU,2,3,7104,4007
GLU,2,4,2518,1517
GLU,2,5,1874,1190
GLU,4,1,89129,41602
GLU,4,2,33199,19730
GLU,4,3,20057,13618
GLU,4,4,9852,7034
GLU,4,5,4147,2697
GLU,7,1,88863,41234
GLU,7,2,33408,19730
GLU,7,3,15795,10058
GLU,7,4,8008,5446
GLU,7,5,11823,8880
GLU,30,1,89417,41094
GLU,30,2,34005,19730
GLU,30,3,16384,10148
GLU,30,4,8555,5698
GLU,30,5,13624,10071
GLU,90,1,89945,41031
GLU,90,2,34690,19888
GLU,90,3,16921,10371
GLU,90,4,8959,5889
GLU,90,5,14672,10685
GLUCSF,1,1,122,110
GLUCSF,1,2,10,10
GLUCSF,1,3,1,1
GLUCSF,1,4,1,1
GLUCSF,1,5,2,2
GLUCSF,2,1,261,242
GLUCSF,2,2,38,35
GLUCSF,2,3,8,8
GLUCSF,2,4,2,2
GLUCSF,2,5,2,2
GLUCSF,4,1,478,450
GLUCSF,4,2,98,90
GLUCSF,4,3,32,31
GLUCSF,4,4,21,21
GLUCSF,4,5,8,8
GLUCSF,7,1,492,454
GLUCSF,7,2,193,187
GLUCSF,7,3,67,64
GLUCSF,7,4,26,24
GLUCSF,7,5,47,45
GLUCSF,30,1,493,450
GLUCSF,30,2,211,201
GLUCSF,30,3,112,109
GLUCSF,30,4,59,57
GLUCSF,30,5,157,148
GLUCSF,90,1,525,482
GLUCSF,90,2,233,222
GLUCSF,90,3,117,114
GLUCSF,90,4,65,63
GLUCSF,90,5,184,174
GLUF,1,1,22,16
GLUF,1,2,10,7
GLUF,1,3,9,8
GLUF,1,4,5,4
GLUF,1,5,13,11
GLUF,2,1,29,17
GLUF,2,2,10,7
GLUF,2,3,5,5
GLUF,2,4,5,4
GLUF,2,5,18,14
GLUF,4,1,29,17
GLUF,4,2,12,7
GLUF,4,3,5,5
GLUF,4,4,5,4
GLUF,4,5,18,14
GLUF,7,1,31,18
GLUF,7,2,12,7
GLUF,7,3,5,5
GLUF,7,4,5,4
GLUF,7,5,18,14
GLUF,30,1,33,20
GLUF,30,2,12,7
GLUF,30,3,5,5
GLUF,30,4,5,4
GLUF,30,5,18,14
GLUF,90,1,34,21
GLUF,90,2,12,7
GLUF,90,3,5,5
GLUF,90,4,5,4
GLUF,90,5,18,14
GTT2,1,1,1,0
GTT2,2,1,1,0
GTT2,4,1,1,0
GTT2,7,1,1,0
GTT2,30,1,1,0
GTT2,90,1,1,0
HCT,1,1,50342,28498
HCT,1,2,7673,4697
HCT,1,3,2340,1506
HCT,1,4,865,599
HCT,1,5,787,626
HCT,2,1,51324,28254
HCT,2,2,21355,15083
HCT,2,3,4612,3134
HCT,2,4,1666,1153
HCT,2,5,1704,1316
HCT,4,1,44225,22079
HCT,4,2,17179,11315
HCT,4,3,10892,8417
HCT,4,4,6511,5290
HCT,4,5,3993,3183
HCT,7,1,44158,21992
HCT,7,2,17205,11278
HCT,7,3,8640,6410
HCT,7,4,4848,3798
HCT,7,5,8928,7480
HCT,30,1,43940,21783
HCT,30,2,17343,11292
HCT,30,3,8786,6481
HCT,30,4,5037,3909
HCT,30,5,10360,8640
HCT,90,1,43686,21581
HCT,90,2,17461,11316
HCT,90,3,8996,6598
HCT,90,4,5252,4046
HCT,90,5,11479,9521
HDL,1,1,371,313
HDL,1,2,9,9
HDL,2,1,445,368
HDL,2,2,27,26
HDL,4,1,473,387
HDL,4,2,26,23
HDL,4,3,9,9
HDL,4,4,1,1
HDL,7,1,503,406
HDL,7,2,26,23
HDL,7,3,6,6
HDL,7,4,4,4
HDL,30,1,559,445
HDL,30,2,33,26
HDL,30,3,6,6
HDL,30,4,4,4
HDL,90,1,639,506
HDL,90,2,48,37
HDL,90,3,6,6
HDL,90,4,4,4
HEPAR,1,1,7971,5365
HEPAR,1,2,3335,2394
HEPAR,1,3,1069,799
HEPAR,1,4,174,137
HEPAR,1,5,15,13
HEPAR,2,1,6813,4433
HEPAR,2,2,4191,2964
HEPAR,2,3,1937,1417
HEPAR,2,4,762,538
HEPAR,2,5,462,344
HEPAR,4,1,6199,3987
HEPAR,4,2,3436,2385
HEPAR,4,3,2098,1491
HEPAR,4,4,1266,908
HEPAR,4,5,1306,958
HEPAR,7,1,6200,3976
HEPAR,7,2,3408,2367
HEPAR,7,3,1973,1388
HEPAR,7,4,1135,797
HEPAR,7,5,1660,1212
HEPAR,30,1,6219,3974
HEPAR,30,2,3427,2368
HEPAR,30,3,1984,1392
HEPAR,30,4,1147,798
HEPAR,30,5,1707,1232
HEPAR,90,1,6229,3969
HEPAR,90,2,3442,2372
HEPAR,90,3,1997,1393
HEPAR,90,4,1152,799
HEPAR,90,5,1730,1239
HEPCOH,1,1,1,1
HEPCOH,2,1,1,1
HEPCOH,4,1,2,2
HEPCOH,7,1,2,2
HEPCOH,30,1,2,2
HEPCOH,90,1,2,2
HGB,1,1,46247,27999
HGB,1,2,4179,2877
HGB,1,3,829,632
HGB,1,4,265,215
HGB,1,5,119,98
HGB,2,1,48137,28363
HGB,2,2,20172,15086
HGB,2,3,2909,2103
HGB,2,4,768,591
HGB,2,5,589,486
HGB,4,1,39897,21216
HGB,4,2,15637,11051
HGB,4,3,10807,8743
HGB,4,4,6339,5326
HGB,4,5,2189,1778
HGB,7,1,39817,21094
HGB,7,2,15661,11014
HGB,7,3,8058,6269
HGB,7,4,4497,3713
HGB,7,5,7878,6741
HGB,30,1,39601,20873
HGB,30,2,15863,11067
HGB,30,3,8266,6386
HGB,30,4,4757,3875
HGB,30,5,9310,7881
HGB,90,1,39329,20646
HGB,90,2,15986,11072
HGB,90,3,8482,6517
HGB,90,4,4999,4039
HGB,90,5,10528,8848
HGBBG,1,1,3211,1439
HGBBG,1,2,840,443
HGBBG,1,3,296,200
HGBBG,1,4,131,99
HGBBG,1,5,116,89
HGBBG,2,1,3292,1459
HGBBG,2,2,855,442
HGBBG,2,3,285,186
HGBBG,2,4,122,90
HGBBG,2,5,214,164
HGBBG,4,1,3376,1477
HGBBG,4,2,876,458
HGBBG,4,3,304,199
HGBBG,4,4,129,93
HGBBG,4,5,233,176
HGBBG,7,1,3421,1481
HGBBG,7,2,915,472
HGBBG,7,3,317,202
HGBBG,7,4,139,99
HGBBG,7,5,242,184
HGBBG,30,1,3496,1484
HGBBG,30,2,938,479
HGBBG,30,3,333,209
HGBBG,30,4,146,103
HGBBG,30,5,256,192
HGBBG,90,1,3558,1496
HGBBG,90,2,953,484
HGBBG,90,3,341,210
HGBBG,90,4,150,105
HGBBG,90,5,262,196
HGBS,1,1,11,9
HGBS,1,2,4,4
HGBS,1,3,1,1
HGBS,1,4,1,1
HGBS,2,1,12,10
HGBS,2,2,4,4
HGBS,2,3,1,1
HGBS,2,4,1,1
HGBS,4,1,13,11
HGBS,4,2,4,4
HGBS,4,3,1,1
HGBS,4,4,1,1
HGBS,7,1,16,15
HGBS,7,2,5,4
HGBS,7,3,1,1
HGBS,7,4,1,1
HGBS,30,1,16,15
HGBS,30,2,6,6
HGBS,30,3,2,1
HGBS,30,4,1,1
HGBS,90,1,15,14
HGBS,90,2,8,8
HGBS,90,3,2,1
HGBS,90,4,1,1
HGBS,90,5,2,2
HMCY,1,1,19,19
HMCY,1,2,1,1
HMCY,1,3,1,1
HMCY,2,1,19,19
HMCY,2,2,3,3
HMCY,2,3,1,1
HMCY,4,1,22,21
HMCY,4,2,3,3
HMCY,4,3,1,1
HMCY,7,1,24,23
HMCY,7,2,3,3
HMCY,7,3,1,1
HMCY,30,1,25,24
HMCY,30,2,3,3
HMCY,30,3,1,1
HMCY,90,1,26,25
HMCY,90,2,3,3
HMCY,90,3,1,1
HSCRP,1,1,2,2
HSCRP,2,1,2,2
HSCRP,4,1,3,3
HSCRP,7,1,4,4
HSCRP,30,1,4,4
HSCRP,90,1,5,4
IBIL,1,1,7702,6360
IBIL,1,2,637,567
IBIL,1,3,179,163
IBIL,1,4,61,59
IBIL,1,5,8,7
IBIL,2,1,9661,7672
IBIL,2,2,4691,4138
IBIL,2,3,553,482
IBIL,2,4,259,237
IBIL,2,5,233,221
IBIL,4,1,5946,4318
IBIL,4,2,3154,2582
IBIL,4,3,4201,3734
IBIL,4,4,2576,2357
IBIL,4,5,837,775
IBIL,7,1,5791,4126
IBIL,7,2,3017,2435
IBIL,7,3,2117,1798
IBIL,7,4,1414,1232
IBIL,7,5,4889,4531
IBIL,30,1,5780,4025
IBIL,30,2,3041,2415
IBIL,30,3,2003,1678
IBIL,30,4,1433,1237
IBIL,30,5,5698,5257
IBIL,90,1,5857,4045
IBIL,90,2,3073,2429
IBIL,90,3,2031,1697
IBIL,90,4,1445,1242
IBIL,90,5,5901,5413
IGET,1,1,5,4
IGET,2,1,5,4
IGET,4,1,6,5
IGET,7,1,6,5
IGET,30,1,26,24
IGET,90,1,95,84
IGET,90,2,10,9
IGF,1,1,1,1
IGF,2,1,1,1
IGF,4,1,1,1
IGF,7,1,1,1
IGF,30,1,1,1
IGF,90,1,1,1
IMIDESI,2,1,1,0
IMIDESI,4,1,1,0
IMIDESI,7,1,1,0
IMIDESI,30,1,1,0
IMIDESI,90,1,1,0
IMMPL,2,1,1,0
IMMPL,4,1,1,0
IMMPL,7,1,1,0
IMMPL,30,1,1,0
IMMPL,90,1,1,0
INR,1,1,19283,12347
INR,1,2,1675,1194
INR,1,3,354,279
INR,1,4,129,112
INR,1,5,36,30
INR,2,1,22606,14095
INR,2,2,8242,6136
INR,2,3,1158,851
INR,2,4,397,326
INR,2,5,288,247
INR,4,1,18820,10681
INR,4,2,6853,4723
INR,4,3,5196,4288
INR,4,4,2953,2472
INR,4,5,1022,852
INR,7,1,19153,10803
INR,7,2,7113,4900
INR,7,3,3470,2694
INR,7,4,1999,1629
INR,7,5,4383,3798
INR,30,1,19873,11089
INR,30,2,7548,5122
INR,30,3,3744,2833
INR,30,4,2204,1760
INR,30,5,5064,4322
INR,90,1,20337,11289
INR,90,2,7945,5319
INR,90,3,3947,2967
INR,90,4,2343,1842
INR,90,5,5495,4641
INSF,1,1,30,24
INSF,1,2,22,21
INSF,1,3,24,24
INSF,1,4,15,14
INSF,1,5,16,15
INSF,2,1,31,28
INSF,2,2,21,19
INSF,2,3,11,11
INSF,2,4,10,9
INSF,2,5,46,43
INSF,4,1,21,18
INSF,4,2,13,13
INSF,4,3,21,20
INSF,4,4,17,15
INSF,4,5,48,45
INSF,7,1,23,18
INSF,7,2,13,13
INSF,7,3,13,13
INSF,7,4,13,11
INSF,7,5,60,56
INSF,30,1,25,19
INSF,30,2,13,13
INSF,30,3,13,13
INSF,30,4,13,11
INSF,30,5,60,56
INSF,90,1,26,20
INSF,90,2,13,13
INSF,90,3,13,13
INSF,90,4,13,11
INSF,90,5,60,56
INSU,1,1,7,6
INSU,1,2,4,3
INSU,1,3,6,6
INSU,1,4,3,3
INSU,1,5,2,2
INSU,2,1,5,4
INSU,2,2,4,3
INSU,2,3,2,2
INSU,2,4,3,3
INSU,2,5,10,10
INSU,4,1,7,5
INSU,4,2,3,2
INSU,4,3,2,2
INSU,4,4,2,2
INSU,4,5,12,12
INSU,7,1,6,4
INSU,7,2,4,3
INSU,7,3,2,2
INSU,7,4,2,2
INSU,7,5,12,12
INSU,30,1,7,4
INSU,30,2,4,3
INSU,30,3,2,2
INSU,30,4,2,2
INSU,30,5,12,12
INSU,90,1,7,4
INSU,90,2,4,3
INSU,90,3,2,2
INSU,90,4,2,2
INSU,90,5,12,12
K,1,1,278011,248587
K,1,2,96368,88297
K,1,3,48703,45091
K,1,4,32057,30026
K,1,5,52247,49253
K,2,1,225629,198564
K,2,2,174987,159847
K,2,3,74955,68894
K,2,4,51931,48298
K,2,5,118605,111739
K,4,1,138894,118110
K,4,2,101522,90655
K,4,3,112035,103266
K,4,4,93612,87041
K,4,5,210200,197265
K,7,1,134555,114116
K,7,2,98088,87377
K,7,3,72536,65922
K,7,4,55074,50439
K,7,5,299901,281818
K,30,1,128012,108140
K,30,2,93449,82970
K,30,3,69216,62672
K,30,4,53547,48874
K,30,5,325746,305287
K,90,1,123148,103720
K,90,2,90690,80331
K,90,3,67894,61337
K,90,4,53191,48422
K,90,5,342771,320591
LAC,1,1,12949,11695
LAC,1,2,8917,8345
LAC,1,3,7013,6666
LAC,1,4,3601,3470
LAC,1,5,1177,1140
LAC,2,1,10587,9398
LAC,2,2,7437,6901
LAC,2,3,5557,5235
LAC,2,4,4201,4005
LAC,2,5,8867,8563
LAC,4,1,9148,7956
LAC,4,2,6105,5605
LAC,4,3,5266,4931
LAC,4,4,3968,3767
LAC,4,5,13126,12665
LAC,7,1,9075,7851
LAC,7,2,6040,5533
LAC,7,3,4495,4168
LAC,7,4,3231,3036
LAC,7,5,15431,14874
LAC,30,1,8936,7686
LAC,30,2,5988,5449
LAC,30,3,4461,4122
LAC,30,4,3306,3073
LAC,30,5,16794,16093
LAC,90,1,8849,7571
LAC,90,2,5969,5409
LAC,90,3,4490,4131
LAC,90,4,3352,3101
LAC,90,5,17500,16726
LACWBL,1,1,4084,3803
LACWBL,1,2,3112,2942
LACWBL,1,3,2957,2835
LACWBL,1,4,1885,1827
LACWBL,1,5,917,886
LACWBL,2,1,3484,3219
LACWBL,2,2,2576,2426
LACWBL,2,3,2020,1922
LACWBL,2,4,1585,1521
LACWBL,2,5,4117,3989
LACWBL,4,1,3098,2835
LACWBL,4,2,2259,2107
LACWBL,4,3,1862,1782
LACWBL,4,4,1496,1427
LACWBL,4,5,5455,5275
LACWBL,7,1,2991,2732
LACWBL,7,2,2199,2048
LACWBL,7,3,1700,1623
LACWBL,7,4,1339,1271
LACWBL,7,5,6241,6027
LACWBL,30,1,2825,2564
LACWBL,30,2,2063,1918
LACWBL,30,3,1611,1528
LACWBL,30,4,1283,1208
LACWBL,30,5,7142,6877
LACWBL,90,1,2741,2471
LACWBL,90,2,2003,1862
LACWBL,90,3,1565,1477
LACWBL,90,4,1265,1185
LACWBL,90,5,7585,7298
LDH,1,1,5168,4819
LDH,1,2,978,931
LDH,1,3,188,179
LDH,1,4,12,11
LDH,2,1,5151,4717
LDH,2,2,3497,3351
LDH,2,3,768,735
LDH,2,4,552,527
LDH,2,5,272,260
LDH,4,1,2641,2255
LDH,4,2,1618,1512
LDH,4,3,2917,2797
LDH,4,4,2261,2193
LDH,4,5,1357,1303
LDH,7,1,2522,2111
LDH,7,2,1624,1500
LDH,7,3,1321,1260
LDH,7,4,952,913
LDH,7,5,4629,4473
LDH,30,1,2616,2137
LDH,30,2,1541,1400
LDH,30,3,1165,1099
LDH,30,4,954,908
LDH,30,5,5434,5213
LDH,90,1,2695,2180
LDH,90,2,1583,1420
LDH,90,3,1177,1100
LDH,90,4,934,886
LDH,90,5,5743,5475
LDL,1,1,518,486
LDL,1,2,20,19
LDL,1,3,2,2
LDL,1,4,1,1
LDL,2,1,619,583
LDL,2,2,58,54
LDL,2,3,4,4
LDL,2,4,1,1
LDL,2,5,1,1
LDL,4,1,672,632
LDL,4,2,60,56
LDL,4,3,26,24
LDL,4,4,12,12
LDL,4,5,1,1
LDL,7,1,730,687
LDL,7,2,72,67
LDL,7,3,15,14
LDL,7,4,9,9
LDL,7,5,16,15
LDL,30,1,799,748
LDL,30,2,98,93
LDL,30,3,27,26
LDL,30,4,16,15
LDL,30,5,22,20
LDL,90,1,918,855
LDL,90,2,129,123
LDL,90,3,31,30
LDL,90,4,17,15
LDL,90,5,24,22
LDLHDL,1,1,41,37
LDLHDL,2,1,49,44
LDLHDL,2,2,3,3
LDLHDL,4,1,56,49
LDLHDL,4,2,3,3
LDLHDL,4,3,2,2
LDLHDL,7,1,60,53
LDLHDL,7,2,3,3
LDLHDL,7,3,1,1
LDLHDL,7,4,1,1
LDLHDL,30,1,65,59
LDLHDL,30,2,5,4
LDLHDL,30,3,2,2
LDLHDL,30,4,1,1
LDLHDL,90,1,74,66
LDLHDL,90,2,5,4
LDLHDL,90,3,2,2
LDLHDL,90,4,1,1
LEAD,2,1,1,0
LEAD,4,1,1,0
LEAD,7,1,1,0
LEAD,30,1,1,0
LEAD,90,1,1,0
LH,4,1,1,1
LH,7,1,1,1
LH,30,1,1,1
LH,90,1,1,1
LIPASE,1,1,1504,1354
LIPASE,1,2,82,79
LIPASE,1,3,19,19
LIPASE,1,4,9,9
LIPASE,2,1,1788,1587
LIPASE,2,2,607,549
LIPASE,2,3,67,62
LIPASE,2,4,30,30
LIPASE,2,5,16,15
LIPASE,4,1,1635,1417
LIPASE,4,2,460,413
LIPASE,4,3,425,387
LIPASE,4,4,255,241
LIPASE,4,5,76,71
LIPASE,7,1,1822,1569
LIPASE,7,2,507,453
LIPASE,7,3,242,214
LIPASE,7,4,146,131
LIPASE,7,5,423,397
LIPASE,30,1,2365,2005
LIPASE,30,2,690,599
LIPASE,30,3,308,274
LIPASE,30,4,167,149
LIPASE,30,5,480,449
LIPASE,90,1,2770,2338
LIPASE,90,2,888,768
LIPASE,90,3,377,332
LIPASE,90,4,199,175
LIPASE,90,5,534,499
LORAZ,2,1,1,1
LORAZ,4,1,1,1
LORAZ,7,1,1,1
LORAZ,30,1,1,1
LORAZ,90,1,1,1
LPA,1,1,4,4
LPA,2,1,5,5
LPA,4,1,5,5
LPA,7,1,5,5
LPA,30,1,5,5
LPA,90,1,5,5
LYM,1,1,161138,154300
LYM,1,2,21802,20486
LYM,1,3,7137,6754
LYM,1,4,3123,2995
LYM,1,5,1424,1355
LYM,2,1,155027,147468
LYM,2,2,113099,109377
LYM,2,3,19962,18967
LYM,2,4,8911,8481
LYM,2,5,10048,9622
LYM,4,1,80337,74651
LYM,4,2,58288,55551
LYM,4,3,82977,80284
LYM,4,4,63833,62075
LYM,4,5,34359,32978
LYM,7,1,75252,70066
LYM,7,2,56042,53165
LYM,7,3,41774,40050
LYM,7,4,30501,29470
LYM,7,5,120903,117160
LYM,30,1,69281,64176
LYM,30,2,51617,48935
LYM,30,3,39004,37298
LYM,30,4,29509,28298
LYM,30,5,145697,140909
LYM,90,1,65015,60085
LYM,90,2,48855,46188
LYM,90,3,37326,35664
LYM,90,4,28785,27516
LYM,90,5,162214,156745
LYMAB,1,1,80051,62191
LYMAB,1,2,7195,5686
LYMAB,1,3,1818,1528
LYMAB,1,4,623,549
LYMAB,1,5,253,211
LYMAB,2,1,88663,67368
LYMAB,2,2,44925,38441
LYMAB,2,3,5719,4757
LYMAB,2,4,2094,1832
LYMAB,2,5,1753,1527
LYMAB,4,1,60696,41983
LYMAB,4,2,31340,25576
LYMAB,4,3,31225,27574
LYMAB,4,4,19260,17368
LYMAB,4,5,6386,5663
LYMAB,7,1,59789,41011
LYMAB,7,2,31047,25163
LYMAB,7,3,18811,16132
LYMAB,7,4,11904,10538
LYMAB,7,5,29922,27150
LYMAB,30,1,58981,40007
LYMAB,30,2,30820,24695
LYMAB,30,3,18883,15971
LYMAB,30,4,12303,10720
LYMAB,30,5,35557,31983
LYMAB,90,1,58310,39308
LYMAB,90,2,30845,24498
LYMAB,90,3,19231,16097
LYMAB,90,4,12716,10996
LYMAB,90,5,39145,34920
LYMCSF,1,1,112,74
LYMCSF,1,2,3,2
LYMCSF,1,3,1,1
LYMCSF,2,1,154,86
LYMCSF,2,2,14,10
LYMCSF,2,3,2,1
LYMCSF,4,1,218,112
LYMCSF,4,2,22,12
LYMCSF,4,3,7,3
LYMCSF,4,4,2,2
LYMCSF,7,1,237,124
LYMCSF,7,2,44,22
LYMCSF,7,3,9,4
LYMCSF,7,4,1,1
LYMCSF,7,5,3,2
LYMCSF,30,1,265,127
LYMCSF,30,2,60,31
LYMCSF,30,3,19,9
LYMCSF,30,4,5,4
LYMCSF,30,5,6,4
LYMCSF,90,1,283,131
LYMCSF,90,2,67,33
LYMCSF,90,3,21,9
LYMCSF,90,4,4,3
LYMCSF,90,5,7,5
MCH,1,1,235133,227981
MCH,1,2,62544,61340
MCH,1,3,27577,27158
MCH,1,4,14418,14231
MCH,1,5,9644,9556
MCH,2,1,188946,181070
MCH,2,2,163877,160763
MCH,2,3,53318,52466
MCH,2,4,33065,32624
MCH,2,5,52114,51540
MCH,4,1,89283,83060
MCH,4,2,69360,66960
MCH,4,3,107132,105253
MCH,4,4,98627,97404
MCH,4,5,137514,136077
MCH,7,1,84470,78331
MCH,7,2,64700,62316
MCH,7,3,51148,49918
MCH,7,4,40086,39358
MCH,7,5,265247,262453
MCH,30,1,76971,70887
MCH,30,2,58649,56284
MCH,30,3,46074,44855
MCH,30,4,36429,35686
MCH,30,5,296909,293567
MCH,90,1,71977,65952
MCH,90,2,54905,52539
MCH,90,3,43409,42147
MCH,90,4,34615,33821
MCH,90,5,317052,312987
MCHC,1,1,262829,254561
MCHC,1,2,68629,66892
MCHC,1,3,29760,29138
MCHC,1,4,15317,15056
MCHC,1,5,9815,9638
MCHC,2,1,212545,204312
MCHC,2,2,183895,179264
MCHC,2,3,58677,57299
MCHC,2,4,35573,34899
MCHC,2,5,54592,53705
MCHC,4,1,101914,96170
MCHC,4,2,80347,77366
MCHC,4,3,120379,117441
MCHC,4,4,109106,106970
MCHC,4,5,145425,142973
MCHC,7,1,96534,90938
MCHC,7,2,75472,72582
MCHC,7,3,59698,57973
MCHC,7,4,46554,45403
MCHC,7,5,283132,278077
MCHC,30,1,87881,82483
MCHC,30,2,68658,65859
MCHC,30,3,54245,52584
MCHC,30,4,42968,41832
MCHC,30,5,318415,312467
MCHC,90,1,81681,76416
MCHC,90,2,64043,61304
MCHC,90,3,50986,49328
MCHC,90,4,40767,39634
MCHC,90,5,342776,336162
MCV,1,1,220743,213605
MCV,1,2,59027,57852
MCV,1,3,26453,26037
MCV,1,4,13983,13804
MCV,1,5,9453,9353
MCV,2,1,177945,170044
MCV,2,2,153504,150169
MCV,2,3,50033,49137
MCV,2,4,31066,30641
MCV,2,5,50357,49779
MCV,4,1,84998,78940
MCV,4,2,65809,63328
MCV,4,3,100247,98199
MCV,4,4,91940,90543
MCV,4,5,129878,128346
MCV,7,1,80608,74634
MCV,7,2,61522,59076
MCV,7,3,48455,47186
MCV,7,4,37920,37166
MCV,7,5,247890,244665
MCV,30,1,73816,67888
MCV,30,2,56129,53684
MCV,30,3,43935,42662
MCV,30,4,34643,33844
MCV,30,5,276653,272798
MCV,90,1,69307,63422
MCV,90,2,52803,50363
MCV,90,3,41609,40300
MCV,90,4,33148,32294
MCV,90,5,294774,290104
MER,1,1,1,1
MER,2,1,4,2
MER,4,1,4,2
MER,7,1,4,2
MER,30,1,4,2
MER,90,1,4,2
METHB,1,1,20236,16332
METHB,1,2,11167,9605
METHB,1,3,7234,6521
METHB,1,4,4573,4232
METHB,1,5,7479,7030
METHB,2,1,19337,15460
METHB,2,2,10771,9210
METHB,2,3,6814,6091
METHB,2,4,4692,4300
METHB,2,5,11379,10660
METHB,4,1,18751,14870
METHB,4,2,10415,8832
METHB,4,3,6749,6013
METHB,4,4,4727,4306
METHB,4,5,13744,12877
METHB,7,1,18537,14635
METHB,7,2,10376,8764
METHB,7,3,6623,5884
METHB,7,4,4674,4245
METHB,7,5,15137,14193
METHB,30,1,18175,14234
METHB,30,2,10302,8671
METHB,30,3,6657,5901
METHB,30,4,4729,4273
METHB,30,5,16847,15796
METHB,90,1,18090,14123
METHB,90,2,10294,8650
METHB,90,3,6693,5931
METHB,90,4,4750,4285
METHB,90,5,17467,16372
MEXIL,1,1,2,1
MEXIL,2,1,2,1
MEXIL,4,1,2,1
MEXIL,7,1,2,1
MEXIL,30,1,2,1
MEXIL,90,1,2,1
MMA,1,1,6,5
MMA,2,1,8,7
MMA,4,1,9,8
MMA,7,1,11,9
MMA,7,2,2,2
MMA,30,1,11,9
MMA,30,2,2,2
MMA,90,1,13,11
MMA,90,2,2,2
MN,90,1,3,1
MONO,1,1,165152,161487
MONO,1,2,23757,23002
MONO,1,3,8108,7900
MONO,1,4,3646,3536
MONO,1,5,1720,1674
MONO,2,1,155074,150943
MONO,2,2,117839,115939
MONO,2,3,22006,21453
MONO,2,4,10484,10239
MONO,2,5,12288,12012
MONO,4,1,76543,73285
MONO,4,2,57192,55735
MONO,4,3,86449,85031
MONO,4,4,68995,68047
MONO,4,5,41991,41169
MONO,7,1,70805,67998
MONO,7,2,54222,52639
MONO,7,3,41383,40429
MONO,7,4,30792,30226
MONO,7,5,138832,136647
MONO,30,1,64131,61367
MONO,30,2,48925,47562
MONO,30,3,37750,36808
MONO,30,4,29112,28412
MONO,30,5,167019,164111
MONO,90,1,59487,56859
MONO,90,2,45726,44380
MONO,90,3,35628,34692
MONO,90,4,27900,27182
MONO,90,5,185411,182063
MONOAB,1,1,107885,87447
MONOAB,1,2,11728,9751
MONOAB,1,3,3618,3181
MONOAB,1,4,1462,1318
MONOAB,1,5,549,497
MONOAB,2,1,116192,91937
MONOAB,2,2,63523,54916
MONOAB,2,3,9462,8053
MONOAB,2,4,3979,3538
MONOAB,2,5,4182,3795
MONOAB,4,1,76807,56417
MONOAB,4,2,43347,35871
MONOAB,4,3,44679,39409
MONOAB,4,4,28129,25330
MONOAB,4,5,12644,11283
MONOAB,7,1,75089,54785
MONOAB,7,2,42751,35154
MONOAB,7,3,27027,23320
MONOAB,7,4,17636,15462
MONOAB,7,5,46431,42027
MONOAB,30,1,73722,53111
MONOAB,30,2,42239,34360
MONOAB,30,3,26837,22844
MONOAB,30,4,18040,15645
MONOAB,30,5,55183,49597
MONOAB,90,1,72441,51927
MONOAB,90,2,42084,34015
MONOAB,90,3,27147,22901
MONOAB,90,4,18576,15979
MONOAB,90,5,60785,54321
MPACID,1,1,12,8
MPACID,1,2,1,1
MPACID,2,1,16,9
MPACID,2,2,5,5
MPACID,4,1,11,6
MPACID,4,2,4,4
MPACID,4,3,4,3
MPACID,4,4,3,2
MPACID,7,1,12,7
MPACID,7,2,4,4
MPACID,7,3,2,2
MPACID,7,4,2,2
MPACID,7,5,3,1
MPACID,30,1,12,7
MPACID,30,2,5,5
MPACID,30,3,3,3
MPACID,30,4,2,2
MPACID,30,5,3,1
MPACID,90,1,12,7
MPACID,90,2,5,5
MPACID,90,3,3,3
MPACID,90,4,2,2
MPACID,90,5,3,1
MPO,4,1,2,0
MPO,7,1,2,0
MPO,30,1,2,0
MPO,90,1,2,0
MYEL,1,1,1,0
MYEL,2,1,2,0
MYEL,4,1,2,0
MYEL,7,1,3,0
MYEL,30,1,3,0
MYEL,90,1,4,0
MYOG,1,1,41,33
MYOG,1,2,20,19
MYOG,1,3,5,5
MYOG,2,1,45,39
MYOG,2,2,24,21
MYOG,2,3,6,6
MYOG,2,4,3,3
MYOG,2,5,1,1
MYOG,4,1,34,28
MYOG,4,2,21,20
MYOG,4,3,18,16
MYOG,4,4,6,6
MYOG,4,5,1,1
MYOG,7,1,35,29
MYOG,7,2,20,19
MYOG,7,3,12,10
MYOG,7,4,6,6
MYOG,7,5,8,8
MYOG,30,1,36,29
MYOG,30,2,20,19
MYOG,30,3,12,10
MYOG,30,4,6,6
MYOG,30,5,8,8
MYOG,90,1,37,30
MYOG,90,2,20,19
MYOG,90,3,12,10
MYOG,90,4,6,6
MYOG,90,5,8,8
NA,1,1,231312,194574
NA,1,2,73855,64621
NA,1,3,35101,31416
NA,1,4,20048,18150
NA,1,5,25057,22889
NA,2,1,202097,166834
NA,2,2,139114,121299
NA,2,3,57155,50450
NA,2,4,37387,33452
NA,2,5,64118,58297
NA,4,1,135765,107634
NA,4,2,91106,77697
NA,4,3,89496,79053
NA,4,4,68154,60950
NA,4,5,123752,111995
NA,7,1,132802,104898
NA,7,2,89094,75768
NA,7,3,62766,54858
NA,7,4,45538,40285
NA,7,5,181402,164094
NA,30,1,128410,100653
NA,30,2,86165,72847
NA,30,3,61006,53075
NA,30,4,45339,39899
NA,30,5,199113,179840
NA,90,1,125133,97490
NA,90,2,84590,71189
NA,90,3,60376,52363
NA,90,4,45321,39792
NA,90,5,211269,190509
NAPA,1,1,11,11
NAPA,1,2,3,3
NAPA,1,3,1,1
NAPA,2,1,7,7
NAPA,2,2,9,9
NAPA,2,3,4,4
NAPA,4,1,3,3
NAPA,4,2,2,2
NAPA,4,3,4,4
NAPA,4,4,6,6
NAPA,4,5,5,5
NAPA,7,1,3,3
NAPA,7,2,2,2
NAPA,7,3,2,2
NAPA,7,4,2,2
NAPA,7,5,11,11
NAPA,30,1,3,3
NAPA,30,2,2,2
NAPA,30,3,2,2
NAPA,30,4,2,2
NAPA,30,5,11,11
NAPA,90,1,3,3
NAPA,90,2,2,2
NAPA,90,3,2,2
NAPA,90,4,2,2
NAPA,90,5,11,11
NEURSP,1,1,18,3
NEURSP,2,1,22,4
NEURSP,2,2,1,1
NEURSP,2,3,1,0
NEURSP,4,1,29,6
NEURSP,4,2,3,2
NEURSP,4,3,1,0
NEURSP,7,1,29,6
NEURSP,7,2,3,2
NEURSP,7,3,1,0
NEURSP,30,1,30,6
NEURSP,30,2,3,2
NEURSP,30,3,1,0
NEURSP,90,1,30,6
NEURSP,90,2,3,2
NEURSP,90,3,1,0
NEUT,1,1,161187,155851
NEUT,1,2,22188,21166
NEUT,1,3,7485,7164
NEUT,1,4,3325,3195
NEUT,1,5,1537,1474
NEUT,2,1,153818,147723
NEUT,2,2,113950,111093
NEUT,2,3,20503,19710
NEUT,2,4,9478,9093
NEUT,2,5,10860,10451
NEUT,4,1,78177,73601
NEUT,4,2,57154,55066
NEUT,4,3,83810,81619
NEUT,4,4,65401,63952
NEUT,4,5,36865,35624
NEUT,7,1,72891,68814
NEUT,7,2,54887,52598
NEUT,7,3,41327,39996
NEUT,7,4,30410,29557
NEUT,7,5,126569,123330
NEUT,30,1,66773,62750
NEUT,30,2,50246,48155
NEUT,30,3,38297,36970
NEUT,30,4,29217,28219
NEUT,30,5,152220,148066
NEUT,90,1,62424,58533
NEUT,90,2,47349,45290
NEUT,90,3,36510,35202
NEUT,90,4,28363,27320
NEUT,90,5,169199,164444
NEUTAB,1,1,80978,66742
NEUTAB,1,2,8131,6950
NEUTAB,1,3,2460,2175
NEUTAB,1,4,960,859
NEUTAB,1,5,439,399
NEUTAB,2,1,90152,72575
NEUTAB,2,2,47734,41376
NEUTAB,2,3,6582,5664
NEUTAB,2,4,2858,2552
NEUTAB,2,5,2881,2621
NEUTAB,4,1,60716,45682
NEUTAB,4,2,33812,28294
NEUTAB,4,3,33412,29396
NEUTAB,4,4,20743,18569
NEUTAB,4,5,8824,7958
NEUTAB,7,1,59030,44168
NEUTAB,7,2,33803,27911
NEUTAB,7,3,20879,17984
NEUTAB,7,4,13250,11605
NEUTAB,7,5,33224,29940
NEUTAB,30,1,58168,42737
NEUTAB,30,2,33542,27253
NEUTAB,30,3,20899,17608
NEUTAB,30,4,13801,11889
NEUTAB,30,5,40454,35947
NEUTAB,90,1,57448,41760
NEUTAB,90,2,33503,26910
NEUTAB,90,3,21294,17697
NEUTAB,90,4,14295,12133
NEUTAB,90,5,44986,39613
NEUTCSF,1,1,142,111
NEUTCSF,1,2,9,7
NEUTCSF,1,3,2,2
NEUTCSF,2,1,170,125
NEUTCSF,2,2,14,12
NEUTCSF,2,3,4,2
NEUTCSF,2,4,2,2
NEUTCSF,4,1,239,160
NEUTCSF,4,2,32,24
NEUTCSF,4,3,11,6
NEUTCSF,4,4,1,1
NEUTCSF,4,5,2,2
NEUTCSF,7,1,267,172
NEUTCSF,7,2,53,33
NEUTCSF,7,3,14,10
NEUTCSF,7,4,4,3
NEUTCSF,7,5,4,3
NEUTCSF,30,1,310,180
NEUTCSF,30,2,83,52
NEUTCSF,30,3,30,23
NEUTCSF,30,4,8,5
NEUTCSF,30,5,7,4
NEUTCSF,90,1,327,183
NEUTCSF,90,2,93,57
NEUTCSF,90,3,35,25
NEUTCSF,90,4,11,7
NEUTCSF,90,5,7,4
NH3,1,1,330,185
NH3,1,2,20,15
NH3,1,3,6,6
NH3,1,4,1,1
NH3,2,1,433,230
NH3,2,2,104,66
NH3,2,3,12,12
NH3,2,4,5,4
NH3,2,5,2,2
NH3,4,1,425,207
NH3,4,2,104,62
NH3,4,3,54,37
NH3,4,4,36,29
NH3,4,5,13,10
NH3,7,1,474,225
NH3,7,2,110,63
NH3,7,3,46,30
NH3,7,4,25,21
NH3,7,5,43,33
NH3,30,1,567,273
NH3,30,2,143,78
NH3,30,3,52,32
NH3,30,4,26,20
NH3,30,5,47,36
NH3,90,1,609,286
NH3,90,2,160,88
NH3,90,3,56,36
NH3,90,4,30,22
NH3,90,5,48,36
NHDL,1,1,501,484
NHDL,1,2,16,16
NHDL,1,3,2,2
NHDL,1,4,1,1
NHDL,2,1,609,589
NHDL,2,2,51,50
NHDL,2,3,3,3
NHDL,2,4,1,1
NHDL,2,5,1,1
NHDL,4,1,657,633
NHDL,4,2,54,53
NHDL,4,3,23,23
NHDL,4,4,11,11
NHDL,4,5,1,1
NHDL,7,1,707,680
NHDL,7,2,66,64
NHDL,7,3,13,13
NHDL,7,4,8,8
NHDL,7,5,15,15
NHDL,30,1,780,746
NHDL,30,2,84,82
NHDL,30,3,22,22
NHDL,30,4,14,14
NHDL,30,5,21,20
NHDL,90,1,901,855
NHDL,90,2,111,107
NHDL,90,3,24,24
NHDL,90,4,14,14
NHDL,90,5,23,21
NOREPH,4,1,2,2
NOREPH,7,1,2,2
NOREPH,30,1,2,2
NOREPH,90,1,2,2
NORTRP,4,1,3,3
NORTRP,7,1,4,4
NORTRP,30,1,8,6
NORTRP,90,1,7,6
NORTRP,90,2,1,0
NRBC,1,1,1,0
NRBC,2,1,2,0
NRBC,4,1,2,0
NRBC,7,1,2,0
NRBC,30,1,2,0
NRBC,90,1,2,0
OSMOLSTL,7,1,1,1
OSMOLSTL,30,1,1,1
OSMOLSTL,90,1,1,1
OTHER,1,1,3,0
OTHER,2,1,4,0
OTHER,4,1,5,0
OTHER,7,1,5,0
OTHER,30,1,6,0
OTHER,90,1,7,0
PB,1,1,207,34
PB,1,2,34,0
PB,2,1,240,49
PB,2,2,49,0
PB,4,1,243,51
PB,4,2,51,0
PB,7,1,247,52
PB,7,2,52,0
PB,30,1,248,57
PB,30,2,57,0
PB,90,1,248,57
PB,90,2,57,0
PCO2A,1,1,12092,8757
PCO2A,1,2,5701,4392
PCO2A,1,3,3014,2316
PCO2A,1,4,1565,1190
PCO2A,1,5,1534,1193
PCO2A,2,1,12230,8807
PCO2A,2,2,5794,4450
PCO2A,2,3,3069,2343
PCO2A,2,4,1580,1196
PCO2A,2,5,1599,1242
PCO2A,4,1,12372,8849
PCO2A,4,2,5897,4502
PCO2A,4,3,3142,2385
PCO2A,4,4,1622,1229
PCO2A,4,5,1686,1303
PCO2A,7,1,12448,8890
PCO2A,7,2,6012,4576
PCO2A,7,3,3218,2433
PCO2A,7,4,1661,1254
PCO2A,7,5,1775,1357
PCO2A,30,1,12582,8925
PCO2A,30,2,6139,4630
PCO2A,30,3,3331,2495
PCO2A,30,4,1751,1310
PCO2A,30,5,1931,1450
PCO2A,90,1,12622,8929
PCO2A,90,2,6205,4661
PCO2A,90,3,3388,2524
PCO2A,90,4,1782,1331
PCO2A,90,5,2006,1500
PCO2V,1,1,6169,4174
PCO2V,1,2,2971,2221
PCO2V,1,3,1582,1210
PCO2V,1,4,773,606
PCO2V,1,5,500,406
PCO2V,2,1,5959,3945
PCO2V,2,2,2944,2146
PCO2V,2,3,1583,1166
PCO2V,2,4,930,724
PCO2V,2,5,1524,1215
PCO2V,4,1,5795,3785
PCO2V,4,2,2860,2069
PCO2V,4,3,1652,1198
PCO2V,4,4,998,766
PCO2V,4,5,1993,1572
PCO2V,7,1,5797,3769
PCO2V,7,2,2869,2069
PCO2V,7,3,1630,1175
PCO2V,7,4,981,739
PCO2V,7,5,2199,1723
PCO2V,30,1,5840,3766
PCO2V,30,2,2917,2084
PCO2V,30,3,1661,1178
PCO2V,30,4,1001,751
PCO2V,30,5,2325,1809
PCO2V,90,1,5870,3770
PCO2V,90,2,2937,2092
PCO2V,90,3,1676,1185
PCO2V,90,4,1009,757
PCO2V,90,5,2337,1817
PENTO,1,1,2,0
PENTO,2,1,2,0
PENTO,4,1,2,0
PENTO,7,1,2,0
PENTO,30,1,2,0
PENTO,90,1,2,0
PEPI,1,1,1,1
PEPI,2,1,1,1
PEPI,4,1,2,2
PEPI,7,1,3,2
PEPI,30,1,3,2
PEPI,90,1,3,2
PF4ENH,1,1,80,75
PF4ENH,2,1,161,150
PF4ENH,2,2,8,8
PF4ENH,4,1,206,189
PF4ENH,4,2,14,14
PF4ENH,4,3,7,6
PF4ENH,4,4,6,6
PF4ENH,7,1,243,211
PF4ENH,7,2,29,22
PF4ENH,7,3,4,4
PF4ENH,7,4,2,2
PF4ENH,7,5,9,8
PF4ENH,30,1,293,242
PF4ENH,30,2,58,46
PF4ENH,30,3,15,10
PF4ENH,30,4,5,5
PF4ENH,30,5,12,10
PF4ENH,90,1,307,256
PF4ENH,90,2,63,51
PF4ENH,90,3,17,12
PF4ENH,90,4,5,5
PF4ENH,90,5,12,10
PF4IGG,1,1,9,6
PF4IGG,2,1,14,11
PF4IGG,4,1,17,13
PF4IGG,4,2,2,1
PF4IGG,4,3,1,1
PF4IGG,7,1,24,18
PF4IGG,7,2,3,2
PF4IGG,7,3,1,1
PF4IGG,30,1,27,20
PF4IGG,30,2,5,4
PF4IGG,30,3,1,1
PF4IGG,30,4,1,1
PF4IGG,30,5,1,1
PF4IGG,90,1,31,23
PF4IGG,90,2,5,4
PF4IGG,90,3,1,1
PF4IGG,90,4,1,1
PF4IGG,90,5,1,1
PHA,1,1,12136,8397
PHA,1,2,5406,4080
PHA,1,3,2849,2161
PHA,1,4,1456,1111
PHA,1,5,1303,982
PHA,2,1,12328,8500
PHA,2,2,5521,4145
PHA,2,3,2902,2200
PHA,2,4,1464,1113
PHA,2,5,1393,1047
PHA,4,1,12537,8617
PHA,4,2,5636,4206
PHA,4,3,2968,2241
PHA,4,4,1514,1151
PHA,4,5,1462,1085
PHA,7,1,12679,8688
PHA,7,2,5768,4285
PHA,7,3,3048,2288
PHA,7,4,1559,1178
PHA,7,5,1525,1131
PHA,30,1,12861,8783
PHA,30,2,5998,4407
PHA,30,3,3181,2372
PHA,30,4,1635,1229
PHA,30,5,1664,1220
PHA,90,1,12929,8814
PHA,90,2,6094,4465
PHA,90,3,3244,2410
PHA,90,4,1683,1259
PHA,90,5,1736,1266
PHCAI,1,1,14563,9456
PHCAI,1,2,3837,2575
PHCAI,1,3,1953,1391
PHCAI,1,4,940,688
PHCAI,1,5,217,180
PHCAI,2,1,15796,10338
PHCAI,2,2,7059,4871
PHCAI,2,3,2361,1628
PHCAI,2,4,1217,899
PHCAI,2,5,1718,1287
PHCAI,4,1,12603,7879
PHCAI,4,2,6379,4306
PHCAI,4,3,4682,3417
PHCAI,4,4,2457,1880
PHCAI,4,5,2574,1903
PHCAI,7,1,12524,7799
PHCAI,7,2,6376,4291
PHCAI,7,3,3544,2494
PHCAI,7,4,2084,1547
PHCAI,7,5,4415,3407
PHCAI,30,1,12516,7794
PHCAI,30,2,6388,4274
PHCAI,30,3,3523,2457
PHCAI,30,4,2136,1579
PHCAI,30,5,4711,3643
PHCAI,90,1,12522,7791
PHCAI,90,2,6423,4290
PHCAI,90,3,3557,2479
PHCAI,90,4,2167,1600
PHCAI,90,5,4802,3702
PHENFR,1,1,11,10
PHENFR,1,2,1,1
PHENFR,2,1,16,14
PHENFR,2,2,7,6
PHENFR,2,3,1,1
PHENFR,4,1,12,9
PHENFR,4,2,11,10
PHENFR,4,3,6,4
PHENFR,4,4,5,4
PHENFR,7,1,12,8
PHENFR,7,2,5,5
PHENFR,7,3,4,3
PHENFR,7,4,6,4
PHENFR,7,5,8,7
PHENFR,30,1,13,10
PHENFR,30,2,8,6
PHENFR,30,3,6,4
PHENFR,30,4,4,2
PHENFR,30,5,13,12
PHENFR,90,1,15,12
PHENFR,90,2,8,6
PHENFR,90,3,6,4
PHENFR,90,4,4,2
PHENFR,90,5,13,12
PHENTOT,1,1,6,5
PHENTOT,2,1,5,5
PHENTOT,2,2,2,1
PHENTOT,4,1,8,6
PHENTOT,4,2,3,2
PHENTOT,7,1,9,6
PHENTOT,7,2,3,2
PHENTOT,30,1,13,7
PHENTOT,30,2,4,3
PHENTOT,90,1,14,7
PHENTOT,90,2,4,3
PHGAST,2,1,1,0
PHGAST,4,1,1,0
PHGAST,7,1,1,0
PHGAST,30,1,1,0
PHGAST,90,1,1,0
PHUCRU,7,1,1,0
PHUCRU,30,1,1,0
PHUCRU,90,1,1,0
PLT,1,1,162357,145964
PLT,1,2,32363,29642
PLT,1,3,10686,9866
PLT,1,4,4238,3926
PLT,1,5,1663,1548
PLT,2,1,145558,129061
PLT,2,2,106387,98119
PLT,2,3,28096,25885
PLT,2,4,13121,12169
PLT,2,5,13693,12907
PLT,4,1,86756,73800
PLT,4,2,59186,53548
PLT,4,3,68601,63805
PLT,4,4,54375,50933
PLT,4,5,46716,43921
PLT,7,1,83352,70577
PLT,7,2,56831,51265
PLT,7,3,41107,38065
PLT,7,4,29717,27726
PLT,7,5,107682,100951
PLT,30,1,79279,66621
PLT,30,2,54180,48539
PLT,30,3,39248,36149
PLT,30,4,28956,26835
PLT,30,5,124357,116153
PLT,90,1,76183,63749
PLT,90,2,52523,46858
PLT,90,3,38453,35246
PLT,90,4,28849,26600
PLT,90,5,135531,126300
PNOREP,4,1,2,1
PNOREP,7,1,3,2
PNOREP,30,1,3,2
PNOREP,90,1,3,2
PO2A,1,1,1796,467
PO2A,1,2,251,90
PO2A,1,3,52,21
PO2A,1,4,14,5
PO2A,1,5,4,0
PO2A,2,1,1886,492
PO2A,2,2,276,93
PO2A,2,3,63,23
PO2A,2,4,15,6
PO2A,2,5,4,0
PO2A,4,1,1998,509
PO2A,4,2,299,102
PO2A,4,3,68,24
PO2A,4,4,18,8
PO2A,4,5,8,2
PO2A,7,1,2090,526
PO2A,7,2,317,106
PO2A,7,3,69,24
PO2A,7,4,18,8
PO2A,7,5,9,2
PO2A,30,1,2226,562
PO2A,30,2,359,115
PO2A,30,3,79,25
PO2A,30,4,20,8
PO2A,30,5,9,2
PO2A,90,1,2284,570
PO2A,90,2,371,118
PO2A,90,3,83,26
PO2A,90,4,21,8
PO2A,90,5,9,2
PORU,1,1,1,1
PORU,2,1,1,1
PORU,4,1,2,2
PORU,7,1,2,2
PORU,30,1,2,2
PORU,90,1,2,2
PRMY,1,1,3,0
PRMY,2,1,3,0
PRMY,4,1,4,0
PRMY,7,1,4,0
PRMY,30,1,4,0
PRMY,90,1,4,0
PROCTL,1,1,98,65
PROCTL,1,2,5,4
PROCTL,1,3,1,1
PROCTL,2,1,128,90
PROCTL,2,2,43,34
PROCTL,2,3,3,3
PROCTL,2,4,1,1
PROCTL,4,1,130,86
PROCTL,4,2,36,27
PROCTL,4,3,25,20
PROCTL,4,4,13,13
PROCTL,4,5,1,1
PROCTL,7,1,148,96
PROCTL,7,2,36,27
PROCTL,7,3,19,15
PROCTL,7,4,11,10
PROCTL,7,5,14,14
PROCTL,30,1,190,110
PROCTL,30,2,52,39
PROCTL,30,3,18,13
PROCTL,30,4,8,7
PROCTL,30,5,19,19
PROCTL,90,1,203,115
PROCTL,90,2,52,38
PROCTL,90,3,21,16
PROCTL,90,4,9,7
PROCTL,90,5,19,19
PROINSULIN,1,1,5,3
PROINSULIN,2,1,5,3
PROINSULIN,4,1,8,5
PROINSULIN,4,2,2,2
PROINSULIN,7,1,8,5
PROINSULIN,7,2,2,2
PROINSULIN,30,1,8,5
PROINSULIN,30,2,2,2
PROINSULIN,90,1,8,5
PROINSULIN,90,2,2,2
PROLINE,2,1,1,0
PROLINE,4,1,1,0
PROLINE,7,1,1,0
PROLINE,30,1,1,0
PROLINE,90,1,1,0
PROPAF,1,1,1,0
PROPAF,2,1,1,0
PROPAF,4,1,1,0
PROPAF,7,1,1,0
PROPAF,30,1,1,0
PROPAF,90,1,1,0
PSA,1,1,25,23
PSA,2,1,27,25
PSA,4,1,27,25
PSA,7,1,28,26
PSA,30,1,30,28
PSA,90,1,31,29
PT,1,1,15473,9121
PT,1,2,1196,784
PT,1,3,234,178
PT,1,4,75,63
PT,1,5,24,21
PT,2,1,18580,10650
PT,2,2,6029,4236
PT,2,3,744,526
PT,2,4,253,198
PT,2,5,175,149
PT,4,1,15998,8307
PT,4,2,5281,3457
PT,4,3,3665,2911
PT,4,4,1918,1533
PT,4,5,620,519
PT,7,1,16369,8459
PT,7,2,5504,3592
PT,7,3,2546,1906
PT,7,4,1393,1081
PT,7,5,2711,2289
PT,30,1,17129,8740
PT,30,2,5886,3769
PT,30,3,2748,2013
PT,30,4,1550,1176
PT,30,5,3118,2581
PT,90,1,17622,8947
PT,90,2,6252,3939
PT,90,3,2917,2113
PT,90,4,1655,1241
PT,90,5,3385,2766
PTH,1,1,38,27
PTH,2,1,68,39
PTH,4,1,92,50
PTH,4,2,3,1
PTH,7,1,108,56
PTH,7,2,3,1
PTH,30,1,119,64
PTH,30,2,5,1
PTH,90,1,130,70
PTH,90,2,9,3
PTH,90,3,1,0
PTT,1,1,31254,22225
PTT,1,2,6294,4746
PTT,1,3,2529,2136
PTT,1,4,1077,963
PTT,1,5,556,507
PTT,2,1,32277,22343
PTT,2,2,15504,11959
PTT,2,3,4116,3241
PTT,2,4,2141,1802
PTT,2,5,3023,2700
PTT,4,1,25649,16624
PTT,4,2,11672,8533
PTT,4,3,9983,8091
PTT,4,4,6346,5332
PTT,4,5,5998,5188
PTT,7,1,25846,16649
PTT,7,2,11996,8739
PTT,7,3,6792,5299
PTT,7,4,4343,3547
PTT,7,5,12229,10551
PTT,30,1,26561,16991
PTT,30,2,12451,9004
PTT,30,3,7151,5496
PTT,30,4,4557,3671
PTT,30,5,13310,11353
PTT,90,1,26984,17242
PTT,90,2,12888,9258
PTT,90,3,7426,5671
PTT,90,4,4747,3809
PTT,90,5,13879,11748
PUFATOT,4,1,1,0
PUFATOT,7,1,1,0
PUFATOT,30,1,1,1
PUFATOT,30,2,1,0
PUFATOT,90,1,1,1
PUFATOT,90,2,1,0
PYRU,1,1,2,0
PYRU,2,1,2,0
PYRU,4,1,2,0
PYRU,7,1,2,0
PYRU,30,1,2,0
PYRU,90,1,2,0
QUINIDINE,2,1,1,1
QUINIDINE,4,1,1,1
QUINIDINE,7,1,1,1
QUINIDINE,30,1,1,1
QUINIDINE,90,1,1,1
RBC,1,1,47113,29500
RBC,1,2,4501,3126
RBC,1,3,876,679
RBC,1,4,280,227
RBC,1,5,129,106
RBC,2,1,48776,29672
RBC,2,2,21480,16255
RBC,2,3,3204,2407
RBC,2,4,878,684
RBC,2,5,661,555
RBC,4,1,39735,21679
RBC,4,2,16131,11515
RBC,4,3,11770,9702
RBC,4,4,7203,6107
RBC,4,5,2668,2222
RBC,7,1,39554,21481
RBC,7,2,16193,11496
RBC,7,3,8560,6806
RBC,7,4,4920,4070
RBC,7,5,9373,8140
RBC,30,1,39159,21131
RBC,30,2,16292,11445
RBC,30,3,8733,6890
RBC,30,4,5178,4237
RBC,30,5,11293,9725
RBC,90,1,38773,20818
RBC,90,2,16348,11413
RBC,90,3,8907,6969
RBC,90,4,5422,4381
RBC,90,5,12808,10979
RBCCSF,1,1,145,57
RBCCSF,1,2,6,4
RBCCSF,1,3,1,0
RBCCSF,2,1,170,64
RBCCSF,2,2,12,8
RBCCSF,2,3,2,0
RBCCSF,4,1,214,79
RBCCSF,4,2,22,8
RBCCSF,4,3,5,2
RBCCSF,4,4,1,0
RBCCSF,7,1,248,89
RBCCSF,7,2,28,11
RBCCSF,7,3,6,2
RBCCSF,7,4,2,0
RBCCSF,30,1,321,110
RBCCSF,30,2,43,17
RBCCSF,30,3,14,6
RBCCSF,30,4,4,0
RBCCSF,90,1,338,112
RBCCSF,90,2,53,20
RBCCSF,90,3,16,8
RBCCSF,90,4,4,0
RDW,1,1,88278,70365
RDW,1,2,14179,11747
RDW,1,3,4306,3664
RDW,1,4,1594,1397
RDW,1,5,636,545
RDW,2,1,85473,66008
RDW,2,2,50126,43641
RDW,2,3,11608,10069
RDW,2,4,4602,4031
RDW,2,5,4378,3920
RDW,4,1,60419,43186
RDW,4,2,33223,27748
RDW,4,3,30067,26918
RDW,4,4,21483,19585
RDW,4,5,15074,13647
RDW,7,1,59474,42272
RDW,7,2,32470,27028
RDW,7,3,20407,17912
RDW,7,4,13210,11865
RDW,7,5,36279,33323
RDW,30,1,58519,41214
RDW,30,2,32075,26527
RDW,30,3,20274,17683
RDW,30,4,13259,11837
RDW,30,5,40848,37264
RDW,90,1,58091,40676
RDW,90,2,32081,26361
RDW,90,3,20440,17736
RDW,90,4,13572,12018
RDW,90,5,43198,39130
RHFT,1,1,3,3
RHFT,2,1,3,3
RHFT,4,1,3,3
RHFT,7,1,4,4
RHFT,30,1,5,5
RHFT,90,1,6,6
RIST,1,1,11,9
RIST,2,1,12,11
RIST,2,2,5,4
RIST,4,1,12,11
RIST,4,2,7,6
RIST,4,3,2,2
RIST,7,1,12,12
RIST,7,2,7,5
RIST,7,3,1,1
RIST,7,4,1,1
RIST,7,5,1,1
RIST,30,1,12,12
RIST,30,2,7,6
RIST,30,3,2,1
RIST,30,4,1,1
RIST,30,5,1,1
RIST,90,1,12,12
RIST,90,2,7,6
RIST,90,3,2,1
RIST,90,4,1,1
RIST,90,5,1,1
SACIGA,2,1,2,2
SACIGA,4,1,4,4
SACIGA,7,1,5,5
SACIGA,30,1,5,5
SACIGA,90,1,5,5
SACIGG,2,1,2,2
SACIGG,4,1,5,5
SACIGG,7,1,6,6
SACIGG,30,1,6,6
SACIGG,90,1,6,6
SELENIUM,30,1,1,0
SELENIUM,90,1,2,1
SEROTONIN,1,1,1,1
SEROTONIN,2,1,1,1
SEROTONIN,4,1,1,1
SEROTONIN,7,1,1,1
SEROTONIN,30,1,1,1
SEROTONIN,90,1,1,1
SPG,1,1,6341,6013
SPG,1,2,1866,1826
SPG,1,3,2201,2178
SPG,1,4,965,954
SPG,1,5,301,298
SPG,2,1,8857,8452
SPG,2,2,1784,1744
SPG,2,3,842,826
SPG,2,4,793,787
SPG,2,5,3356,3320
SPG,4,1,12825,12345
SPG,4,2,2593,2523
SPG,4,3,1181,1162
SPG,4,4,779,772
SPG,4,5,4029,3983
SPG,7,1,15345,14819
SPG,7,2,4235,4122
SPG,7,3,1485,1458
SPG,7,4,829,819
SPG,7,5,4388,4338
SPG,30,1,16352,15782
SPG,30,2,7017,6828
SPG,30,3,3489,3417
SPG,30,4,1939,1899
SPG,30,5,6246,6173
SPG,90,1,16457,15870
SPG,90,2,7858,7643
SPG,90,3,4303,4192
SPG,90,4,2587,2524
SPG,90,5,8328,8222
SPLACW,1,1,537,492
SPLACW,1,2,415,379
SPLACW,1,3,298,275
SPLACW,1,4,221,212
SPLACW,1,5,181,170
SPLACW,2,1,519,475
SPLACW,2,2,404,370
SPLACW,2,3,275,253
SPLACW,2,4,189,182
SPLACW,2,5,299,281
SPLACW,4,1,507,465
SPLACW,4,2,386,351
SPLACW,4,3,270,249
SPLACW,4,4,184,177
SPLACW,4,5,359,338
SPLACW,7,1,504,462
SPLACW,7,2,383,349
SPLACW,7,3,264,243
SPLACW,7,4,182,174
SPLACW,7,5,384,362
SPLACW,30,1,491,450
SPLACW,30,2,379,347
SPLACW,30,3,269,246
SPLACW,30,4,189,177
SPLACW,30,5,417,393
SPLACW,90,1,487,446
SPLACW,90,2,378,345
SPLACW,90,3,270,247
SPLACW,90,4,190,178
SPLACW,90,5,430,405
SSA,1,1,1,1
SSA,2,1,1,1
SSA,4,1,1,1
SSA,7,1,1,1
SSA,30,1,1,1
SSA,90,1,1,1
SSB,1,1,1,1
SSB,2,1,1,1
SSB,4,1,1,1
SSB,7,1,2,2
SSB,30,1,4,3
SSB,90,1,4,3
T4,1,1,5,4
T4,2,1,5,4
T4,4,1,5,4
T4,7,1,5,4
T4,30,1,5,4
T4,90,1,5,4
TBIL,1,1,56776,47233
TBIL,1,2,6349,5533
TBIL,1,3,1385,1243
TBIL,1,4,455,410
TBIL,1,5,121,110
TBIL,2,1,61383,49446
TBIL,2,2,35533,30795
TBIL,2,3,5589,4900
TBIL,2,4,2464,2248
TBIL,2,5,1579,1453
TBIL,4,1,38147,28286
TBIL,4,2,21064,17243
TBIL,4,3,26773,23643
TBIL,4,4,18550,16804
TBIL,4,5,7905,7206
TBIL,7,1,36612,26817
TBIL,7,2,21041,17073
TBIL,7,3,14063,11899
TBIL,7,4,9473,8245
TBIL,7,5,33440,30648
TBIL,30,1,36263,26004
TBIL,30,2,20612,16437
TBIL,30,3,13582,11336
TBIL,30,4,9713,8304
TBIL,30,5,39167,35613
TBIL,90,1,36107,25618
TBIL,90,2,20674,16320
TBIL,90,3,13698,11354
TBIL,90,4,9795,8309
TBIL,90,5,41912,37924
TCO2A,1,1,13779,8294
TCO2A,1,2,5984,3911
TCO2A,1,3,2995,2052
TCO2A,1,4,1525,1068
TCO2A,1,5,1419,992
TCO2A,2,1,13736,8195
TCO2A,2,2,6063,3874
TCO2A,2,3,3037,2071
TCO2A,2,4,1627,1130
TCO2A,2,5,2086,1485
TCO2A,4,1,13813,8193
TCO2A,4,2,6142,3899
TCO2A,4,3,3106,2083
TCO2A,4,4,1677,1153
TCO2A,4,5,2380,1679
TCO2A,7,1,13913,8211
TCO2A,7,2,6221,3928
TCO2A,7,3,3160,2112
TCO2A,7,4,1716,1176
TCO2A,7,5,2504,1758
TCO2A,30,1,14063,8240
TCO2A,30,2,6367,3981
TCO2A,30,3,3268,2148
TCO2A,30,4,1769,1209
TCO2A,30,5,2643,1834
TCO2A,90,1,14156,8258
TCO2A,90,2,6429,4006
TCO2A,90,3,3302,2167
TCO2A,90,4,1785,1221
TCO2A,90,5,2680,1855
TESBIO,4,1,1,1
TESBIO,7,1,3,3
TESBIO,30,1,2,2
TESBIO,30,2,1,1
TESBIO,30,3,1,1
TESBIO,90,1,2,2
TESBIO,90,2,1,1
TESBIO,90,3,1,1
TESTOS,1,1,2,2
TESTOS,2,1,4,3
TESTOS,4,1,8,6
TESTOS,7,1,9,6
TESTOS,30,1,10,7
TESTOS,30,2,1,1
TESTOS,90,1,14,10
TESTOS,90,2,2,2
TESTOSBIO,2,1,1,1
TESTOSBIO,4,1,1,1
TESTOSBIO,7,1,1,1
TESTOSBIO,30,1,1,1
TESTOSBIO,90,1,2,2
TESTOSFREE,1,1,13,0
TESTOSFREE,2,1,13,1
TESTOSFREE,2,2,1,0
TESTOSFREE,4,1,13,1
TESTOSFREE,4,2,1,0
TESTOSFREE,7,1,13,1
TESTOSFREE,7,2,1,0
TESTOSFREE,30,1,13,1
TESTOSFREE,30,2,1,0
TESTOSFREE,90,1,14,1
TESTOSFREE,90,2,1,0
TGL,1,1,1142,1042
TGL,1,2,31,29
TGL,2,1,1559,1391
TGL,2,2,339,312
TGL,2,3,15,15
TGL,4,1,2619,2240
TGL,4,2,352,308
TGL,4,3,251,229
TGL,4,4,149,142
TGL,4,5,6,6
TGL,7,1,2464,2074
TGL,7,2,1024,886
TGL,7,3,202,180
TGL,7,4,84,77
TGL,7,5,242,229
TGL,30,1,2108,1759
TGL,30,2,851,720
TGL,30,3,479,407
TGL,30,4,329,287
TGL,30,5,675,615
TGL,90,1,2199,1836
TGL,90,2,894,749
TGL,90,3,491,422
TGL,90,4,305,262
TGL,90,5,788,716
TNI,1,1,3498,1738
TNI,1,2,1110,726
TNI,1,3,297,204
TNI,1,4,61,43
TNI,1,5,1,1
TNI,2,1,3545,1733
TNI,2,2,1075,683
TNI,2,3,344,229
TNI,2,4,136,91
TNI,2,5,91,62
TNI,4,1,3615,1754
TNI,4,2,1117,696
TNI,4,3,376,243
TNI,4,4,151,99
TNI,4,5,110,71
TNI,7,1,3678,1756
TNI,7,2,1148,708
TNI,7,3,393,248
TNI,7,4,161,107
TNI,7,5,120,76
TNI,30,1,3768,1752
TNI,30,2,1209,722
TNI,30,3,438,262
TNI,30,4,186,116
TNI,30,5,156,100
TNI,90,1,3809,1749
TNI,90,2,1245,729
TNI,90,3,479,279
TNI,90,4,205,128
TNI,90,5,174,106
TOBRATROUGH,1,1,30,21
TOBRATROUGH,1,2,3,2
TOBRATROUGH,2,1,40,30
TOBRATROUGH,2,2,15,11
TOBRATROUGH,2,3,2,1
TOBRATROUGH,4,1,54,39
TOBRATROUGH,4,2,9,8
TOBRATROUGH,4,3,11,7
TOBRATROUGH,4,4,5,4
TOBRATROUGH,7,1,69,46
TOBRATROUGH,7,2,17,15
TOBRATROUGH,7,3,8,5
TOBRATROUGH,7,4,4,3
TOBRATROUGH,7,5,4,3
TOBRATROUGH,30,1,82,54
TOBRATROUGH,30,2,20,17
TOBRATROUGH,30,3,10,7
TOBRATROUGH,30,4,6,5
TOBRATROUGH,30,5,5,3
TOBRATROUGH,90,1,88,54
TOBRATROUGH,90,2,24,18
TOBRATROUGH,90,3,11,7
TOBRATROUGH,90,4,6,5
TOBRATROUGH,90,5,5,3
TOPIRAMATE,1,1,1,1
TOPIRAMATE,2,1,3,3
TOPIRAMATE,2,2,2,2
TOPIRAMATE,4,1,2,2
TOPIRAMATE,4,2,1,1
TOPIRAMATE,4,3,3,3
TOPIRAMATE,7,1,3,2
TOPIRAMATE,7,2,1,1
TOPIRAMATE,7,3,1,1
TOPIRAMATE,7,4,1,1
TOPIRAMATE,7,5,1,1
TOPIRAMATE,30,1,3,2
TOPIRAMATE,30,2,1,1
TOPIRAMATE,30,3,1,1
TOPIRAMATE,30,4,1,1
TOPIRAMATE,30,5,1,1
TOPIRAMATE,90,1,5,4
TOPIRAMATE,90,2,1,1
TOPIRAMATE,90,3,1,1
TOPIRAMATE,90,4,1,1
TOPIRAMATE,90,5,1,1
TP,1,1,67744,55328
TP,1,2,6056,5104
TP,1,3,1070,953
TP,1,4,332,302
TP,1,5,119,109
TP,2,1,71416,57353
TP,2,2,40841,35807
TP,2,3,5151,4491
TP,2,4,2004,1838
TP,2,5,1227,1151
TP,4,1,45582,33303
TP,4,2,23966,19929
TP,4,3,29525,26902
TP,4,4,20761,19219
TP,4,5,6720,6234
TP,7,1,44935,32581
TP,7,2,23781,19658
TP,7,3,15386,13457
TP,7,4,10440,9462
TP,7,5,35142,33001
TP,30,1,43746,31568
TP,30,2,23631,19355
TP,30,3,15284,13167
TP,30,4,10692,9595
TP,30,5,42987,40153
TP,90,1,42698,30798
TP,90,2,23555,19211
TP,90,3,15482,13261
TP,90,4,10970,9782
TP,90,5,48226,44820
TPCSF,1,1,38,18
TPCSF,2,1,84,53
TPCSF,2,2,1,1
TPCSF,4,1,137,87
TPCSF,4,2,22,17
TPCSF,7,1,156,92
TPCSF,7,2,36,22
TPCSF,7,3,25,24
TPCSF,7,4,1,1
TPCSF,30,1,195,117
TPCSF,30,2,49,32
TPCSF,30,3,20,16
TPCSF,30,4,8,8
TPCSF,30,5,26,24
TPCSF,90,1,220,130
TPCSF,90,2,58,37
TPCSF,90,3,19,16
TPCSF,90,4,11,11
TPCSF,90,5,31,28
TRYPTASE,1,1,1,1
TRYPTASE,2,1,4,3
TRYPTASE,4,1,4,3
TRYPTASE,7,1,4,3
TRYPTASE,30,1,4,3
TRYPTASE,30,2,1,1
TRYPTASE,90,1,4,3
TRYPTASE,90,2,1,1
U1RNPAB,1,1,1,1
U1RNPAB,2,1,1,1
U1RNPAB,4,1,1,1
U1RNPAB,7,1,1,1
U1RNPAB,30,1,1,1
U1RNPAB,90,1,1,1
UALBCR,1,1,1,0
UALBCR,2,1,2,2
UALBCR,2,2,1,0
UALBCR,4,1,4,3
UALBCR,4,2,1,0
UALBCR,7,1,5,4
UALBCR,7,2,1,0
UALBCR,30,1,4,3
UALBCR,30,2,2,1
UALBCR,90,1,4,3
UALBCR,90,2,2,1
UCORT,2,1,1,0
UCORT,4,1,1,0
UCORT,7,1,1,0
UCORT,30,1,1,0
UCORT,90,1,2,0
UCR,1,1,1259,1181
UCR,1,2,117,112
UCR,1,3,21,21
UCR,1,4,2,2
UCR,1,5,3,3
UCR,2,1,1670,1586
UCR,2,2,226,219
UCR,2,3,48,48
UCR,2,4,12,12
UCR,2,5,9,9
UCR,4,1,1949,1869
UCR,4,2,365,350
UCR,4,3,98,96
UCR,4,4,31,31
UCR,4,5,26,26
UCR,7,1,2134,2053
UCR,7,2,482,467
UCR,7,3,124,121
UCR,7,4,40,39
UCR,7,5,55,54
UCR,30,1,2421,2344
UCR,30,2,746,726
UCR,30,3,251,249
UCR,30,4,89,88
UCR,30,5,89,86
UCR,90,1,2542,2468
UCR,90,2,870,846
UCR,90,3,336,334
UCR,90,4,140,136
UCR,90,5,135,132
UMET,1,1,8,0
UMET,2,1,8,0
UMET,4,1,10,2
UMET,7,1,12,4
UMET,30,1,13,5
UMET,90,1,13,5
UMETF,1,1,5,4
UMETF,2,1,8,7
UMETF,2,2,1,1
UMETF,4,1,8,6
UMETF,4,2,1,1
UMETF,4,3,2,2
UMETF,7,1,12,9
UMETF,7,2,1,1
UMETF,7,3,1,1
UMETF,7,4,1,1
UMETF,30,1,14,11
UMETF,30,2,1,1
UMETF,30,3,1,1
UMETF,30,4,1,1
UMETF,90,1,16,12
UMETF,90,2,2,2
UMETF,90,3,1,1
UMETF,90,4,1,1
UMYOG,1,1,1,0
UMYOG,2,1,2,0
UMYOG,4,1,2,0
UMYOG,7,1,2,0
UMYOG,30,1,2,0
UMYOG,90,1,2,0
UNORMET,4,1,2,2
UNORMET,7,1,4,4
UNORMET,30,1,5,5
UNORMET,90,1,5,5
UNORMETF,1,1,4,2
UNORMETF,2,1,7,5
UNORMETF,2,2,1,1
UNORMETF,4,1,6,3
UNORMETF,4,2,1,1
UNORMETF,4,3,2,2
UNORMETF,7,1,7,3
UNORMETF,7,2,1,1
UNORMETF,7,3,1,1
UNORMETF,7,4,1,1
UNORMETF,30,1,8,3
UNORMETF,30,2,1,1
UNORMETF,30,3,1,1
UNORMETF,30,4,1,1
UNORMETF,90,1,8,3
UNORMETF,90,2,1,1
UNORMETF,90,3,1,1
UNORMETF,90,4,1,1
UNUCRU,1,1,28,22
UNUCRU,1,2,1,1
UNUCRU,2,1,40,32
UNUCRU,2,2,1,1
UNUCRU,2,3,1,1
UNUCRU,4,1,50,41
UNUCRU,4,2,3,2
UNUCRU,4,3,1,1
UNUCRU,7,1,61,52
UNUCRU,7,2,4,3
UNUCRU,7,3,1,1
UNUCRU,30,1,81,67
UNUCRU,30,2,6,5
UNUCRU,30,3,1,1
UNUCRU,90,1,87,72
UNUCRU,90,2,6,5
UNUCRU,90,3,1,1
UPH,1,1,5328,5114
UPH,1,2,325,301
UPH,1,3,54,53
UPH,1,4,19,18
UPH,1,5,4,4
UPH,2,1,8217,7964
UPH,2,2,1090,1053
UPH,2,3,126,122
UPH,2,4,40,38
UPH,2,5,87,85
UPH,4,1,12385,12093
UPH,4,2,1983,1930
UPH,4,3,595,576
UPH,4,4,264,260
UPH,4,5,164,160
UPH,7,1,15023,14696
UPH,7,2,3699,3602
UPH,7,3,937,917
UPH,7,4,320,311
UPH,7,5,379,373
UPH,30,1,16068,15729
UPH,30,2,6617,6476
UPH,30,3,3048,2992
UPH,30,4,1498,1465
UPH,30,5,2037,1998
UPH,90,1,16121,15783
UPH,90,2,7492,7349
UPH,90,3,3888,3815
UPH,90,4,2183,2136
UPH,90,5,4132,4060
UPROTCR,2,1,1,1
UPROTCR,4,1,3,1
UPROTCR,7,1,3,1
UPROTCR,30,1,4,1
UPROTCR,90,1,7,2
URIC,1,1,5655,5089
URIC,1,2,2515,2305
URIC,1,3,828,780
URIC,1,4,102,95
URIC,1,5,49,49
URIC,2,1,4230,3752
URIC,2,2,3474,3144
URIC,2,3,1724,1595
URIC,2,4,1334,1235
URIC,2,5,1228,1166
URIC,4,1,2274,1954
URIC,4,2,1691,1498
URIC,4,3,2584,2374
URIC,4,4,2203,2016
URIC,4,5,3502,3283
URIC,7,1,2164,1841
URIC,7,2,1647,1459
URIC,7,3,1350,1219
URIC,7,4,1087,979
URIC,7,5,6096,5698
URIC,30,1,2131,1801
URIC,30,2,1579,1393
URIC,30,3,1271,1146
URIC,30,4,1061,950
URIC,30,5,6514,6078
URIC,90,1,2100,1764
URIC,90,2,1556,1372
URIC,90,3,1246,1121
URIC,90,4,1046,935
URIC,90,5,6754,6297
VANCOTROUGH,1,1,2801,1820
VANCOTROUGH,1,2,83,57
VANCOTROUGH,1,3,2,1
VANCOTROUGH,2,1,5234,3234
VANCOTROUGH,2,2,953,642
VANCOTROUGH,2,3,67,52
VANCOTROUGH,2,4,2,2
VANCOTROUGH,4,1,6086,3599
VANCOTROUGH,4,2,1611,1010
VANCOTROUGH,4,3,624,433
VANCOTROUGH,4,4,213,166
VANCOTROUGH,4,5,24,19
VANCOTROUGH,7,1,6106,3555
VANCOTROUGH,7,2,2039,1252
VANCOTROUGH,7,3,688,437
VANCOTROUGH,7,4,265,196
VANCOTROUGH,7,5,282,209
VANCOTROUGH,30,1,6150,3552
VANCOTROUGH,30,2,2269,1358
VANCOTROUGH,30,3,915,582
VANCOTROUGH,30,4,419,284
VANCOTROUGH,30,5,475,331
VANCOTROUGH,90,1,6274,3610
VANCOTROUGH,90,2,2411,1432
VANCOTROUGH,90,3,997,628
VANCOTROUGH,90,4,464,308
VANCOTROUGH,90,5,526,357
VIP,1,1,3,2
VIP,2,1,3,2
VIP,4,1,3,2
VIP,7,1,3,2
VIP,30,1,3,2
VIP,90,1,3,2
VITB6,90,1,1,0
VITE,1,1,1,1
VITE,2,1,2,2
VITE,4,1,2,2
VITE,7,1,3,3
VITE,30,1,5,5
VITE,30,2,1,1
VITE,90,1,5,5
VITE,90,2,3,3
VMA,1,1,1,0
VMA,2,1,1,0
VMA,4,1,1,0
VMA,7,1,2,1
VMA,30,1,2,1
VMA,90,1,2,1
VMAUR,1,1,1,1
VMAUR,2,1,1,1
VMAUR,4,1,1,1
VMAUR,7,1,2,2
VMAUR,30,1,2,2
VMAUR,90,1,2,2
VPAFREE,1,1,4,2
VPAFREE,2,1,5,3
VPAFREE,4,1,11,6
VPAFREE,4,2,1,0
VPAFREE,7,1,19,13
VPAFREE,7,2,2,0
VPAFREE,30,1,19,12
VPAFREE,30,2,7,5
VPAFREE,30,3,2,1
VPAFREE,90,1,19,11
VPAFREE,90,2,6,4
VPAFREE,90,3,3,2
VPAFREE,90,4,1,1
VPATOTAL,1,1,4,0
VPATOTAL,2,1,7,2
VPATOTAL,2,2,1,0
VPATOTAL,4,1,10,5
VPATOTAL,4,2,2,2
VPATOTAL,4,3,1,0
VPATOTAL,7,1,21,14
VPATOTAL,7,2,1,1
VPATOTAL,7,3,1,1
VPATOTAL,7,4,1,0
VPATOTAL,30,1,21,13
VPATOTAL,30,2,6,6
VPATOTAL,30,3,3,3
VPATOTAL,30,4,2,1
VPATOTAL,90,1,19,12
VPATOTAL,90,2,6,5
VPATOTAL,90,3,4,4
VPATOTAL,90,4,3,2
VPATOTAL,90,5,1,1
WBC,1,1,163901,140195
WBC,1,2,32679,28806
WBC,1,3,13171,11968
WBC,1,4,5887,5437
WBC,1,5,3087,2849
WBC,2,1,156787,131478
WBC,2,2,101627,90097
WBC,2,3,26433,23611
WBC,2,4,13853,12553
WBC,2,5,18226,16903
WBC,4,1,100737,80599
WBC,4,2,64631,55693
WBC,4,3,66108,59502
WBC,4,4,47876,43573
WBC,4,5,46282,42467
WBC,7,1,97795,77909
WBC,7,2,62924,53998
WBC,7,3,42882,38039
WBC,7,4,29657,26640
WBC,7,5,95604,87709
WBC,30,1,94686,74827
WBC,30,2,61242,52053
WBC,30,3,41871,36719
WBC,30,4,29458,26230
WBC,30,5,109509,99752
WBC,90,1,92413,72586
WBC,90,2,60286,50982
WBC,90,3,41836,36441
WBC,90,4,29912,26339
WBC,90,5,118404,107311
WBCCSF,1,1,247,178
WBCCSF,1,2,10,7
WBCCSF,2,1,292,204
WBCCSF,2,2,12,8
WBCCSF,4,1,362,240
WBCCSF,4,2,26,18
WBCCSF,4,3,2,1
WBCCSF,7,1,409,261
WBCCSF,7,2,44,27
WBCCSF,7,3,8,5
WBCCSF,30,1,536,326
WBCCSF,30,2,92,53
WBCCSF,30,3,19,12
WBCCSF,30,4,5,5
WBCCSF,30,5,4,2
WBCCSF,90,1,549,326
WBCCSF,90,2,128,77
WBCCSF,90,3,36,25
WBCCSF,90,4,13,10
WBCCSF,90,5,7,4
YA1A,1,1,9,6
YA1A,2,1,13,10
YA1A,2,2,1,1
YA1A,4,1,18,13
YA1A,4,2,1,1
YA1A,7,1,18,13
YA1A,7,2,1,1
YA1A,30,1,22,15
YA1A,30,2,1,1
YA1A,90,1,24,17
YA1A,90,2,1,1
YAHA1,2,1,1,0
YAHA1,4,1,1,0
YAHA1,7,1,1,0
YAHA1,30,1,1,0
YAHA1,90,1,1,0
YAMA,1,1,1,0
YAMA,2,1,2,1
YAMA,4,1,2,1
YAMA,7,1,2,1
YAMA,30,1,3,2
YAMA,90,1,3,2
YARBIN,1,1,2,2
YARBIN,2,1,3,3
YARBIN,4,1,5,5
YARBIN,7,1,10,10
YARBIN,30,1,15,15
YARBIN,90,1,15,15
YASU1,1,1,1,0
YASU1,2,1,1,0
YASU1,4,1,1,0
YASU1,7,1,1,0
YASU1,30,1,1,0
YASU1,90,1,1,0
YC1INH,1,1,1,1
YC1INH,2,1,1,1
YC1INH,4,1,1,1
YC1INH,7,1,1,1
YC1INH,30,1,1,1
YC1INH,90,1,1,1
YCH50S,2,1,1,1
YCH50S,4,1,2,2
YCH50S,7,1,1,1
YCH50S,7,2,1,1
YCH50S,30,1,1,1
YCH50S,30,2,1,1
YCH50S,90,1,2,2
YCH50S,90,2,1,1
YCHRA1,1,1,3,2
YCHRA1,2,1,4,3
YCHRA1,2,2,1,1
YCHRA1,4,1,3,2
YCHRA1,4,2,3,3
YCHRA1,7,1,3,2
YCHRA1,7,2,1,1
YCHRA1,7,3,1,1
YCHRA1,7,4,1,1
YCHRA1,30,1,3,2
YCHRA1,30,2,1,1
YCHRA1,30,3,1,1
YCHRA1,30,4,1,1
YCHRA1,90,1,3,2
YCHRA1,90,2,1,1
YCHRA1,90,3,1,1
YCHRA1,90,4,1,1
YCKMB,1,1,3,3
YCKMB,1,2,1,1
YCKMB,2,1,4,4
YCKMB,2,2,1,1
YCKMB,4,1,4,4
YCKMB,4,2,1,1
YCKMB,7,1,4,4
YCKMB,7,2,1,1
YCKMB,30,1,4,4
YCKMB,30,2,1,1
YCKMB,90,1,4,4
YCKMB,90,2,1,1
YCKMM,1,1,3,2
YCKMM,1,2,1,1
YCKMM,2,1,4,3
YCKMM,2,2,1,1
YCKMM,4,1,4,3
YCKMM,4,2,1,1
YCKMM,7,1,4,3
YCKMM,7,2,1,1
YCKMM,30,1,4,3
YCKMM,30,2,1,1
YCKMM,90,1,4,3
YCKMM,90,2,1,1
YFAC10,1,1,1,1
YFAC10,2,1,1,1
YFAC10,4,1,2,2
YFAC10,7,1,2,2
YFAC10,30,1,2,2
YFAC10,30,2,3,3
YFAC10,30,3,1,1
YFAC10,90,1,1,1
YFAC10,90,2,1,1
YFAC10,90,3,1,1
YFAC10,90,4,1,1
YFAC10,90,5,2,2
YFAC11,4,1,1,1
YFAC11,7,1,1,1
YFAC11,30,1,2,2
YFAC11,30,2,2,0
YFAC11,90,1,2,2
YFAC11,90,2,2,0
YFAC12,1,1,1,1
YFAC12,2,1,1,1
YFAC12,4,1,1,1
YFAC12,7,1,1,1
YFAC12,30,1,1,1
YFAC12,30,2,1,1
YFAC12,30,3,1,0
YFAC12,90,1,1,1
YFAC12,90,2,1,1
YFAC12,90,3,1,0
YFAC13,1,1,1,0
YFAC13,2,1,1,0
YFAC13,4,1,1,0
YFAC13,7,1,1,0
YFAC13,30,1,2,0
YFAC13,90,1,2,0
YFAC14,4,1,1,1
YFAC14,7,1,1,1
YFAC14,30,1,2,2
YFAC14,30,2,2,2
YFAC14,90,1,1,1
YFAC14,90,2,1,1
YFAC14,90,3,1,1
YFAC14,90,4,1,1
YFAC15,1,1,1,1
YFAC15,2,1,1,1
YFAC15,4,1,1,1
YFAC15,7,1,1,1
YFAC15,30,1,2,1
YFAC15,30,2,1,1
YFAC15,30,3,1,1
YFAC15,90,1,1,1
YFAC15,90,2,1,1
YFAC15,90,3,1,1
YFAC15,90,4,1,0
YFAC17,1,1,1,1
YFAC17,2,1,1,1
YFAC17,4,1,1,1
YFAC17,7,1,1,1
YFAC17,30,1,1,1
YFAC17,30,2,1,1
YFAC17,30,3,1,0
YFAC17,90,1,1,1
YFAC17,90,2,1,1
YFAC17,90,3,1,0
YFAC18,4,1,1,1
YFAC18,7,1,1,1
YFAC18,30,1,1,1
YFAC18,30,2,2,1
YFAC18,90,1,1,1
YFAC18,90,2,1,1
YFAC18,90,3,1,0
YFAC20,1,1,1,1
YFAC20,2,1,1,1
YFAC20,4,1,2,2
YFAC20,7,1,2,2
YFAC20,30,1,2,2
YFAC20,30,2,3,2
YFAC20,30,3,1,1
YFAC20,90,1,1,1
YFAC20,90,2,1,1
YFAC20,90,3,1,1
YFAC20,90,4,1,1
YFAC20,90,5,2,1
YFAC21,4,1,1,1
YFAC21,7,1,1,1
YFAC21,30,1,2,2
YFAC21,30,2,3,3
YFAC21,90,1,1,1
YFAC21,90,2,1,1
YFAC21,90,3,1,1
YFAC21,90,4,1,1
YFAC21,90,5,1,1
YFAC22,1,1,1,1
YFAC22,2,1,1,1
YFAC22,4,1,2,2
YFAC22,7,1,2,2
YFAC22,30,1,2,2
YFAC22,30,2,3,3
YFAC22,30,3,1,1
YFAC22,90,1,1,1
YFAC22,90,2,1,1
YFAC22,90,3,1,1
YFAC22,90,4,1,1
YFAC22,90,5,2,2
YFAC24,1,1,1,1
YFAC24,2,1,1,1
YFAC24,4,1,2,2
YFAC24,7,1,2,2
YFAC24,30,1,2,2
YFAC24,30,2,3,3
YFAC24,30,3,1,1
YFAC24,90,1,1,1
YFAC24,90,2,1,1
YFAC24,90,3,1,1
YFAC24,90,4,1,1
YFAC24,90,5,2,2
YFAC27,1,1,1,1
YFAC27,2,1,1,1
YFAC27,4,1,1,1
YFAC27,7,1,1,1
YFAC27,30,1,1,1
YFAC27,30,2,1,1
YFAC27,30,3,1,0
YFAC27,90,1,1,1
YFAC27,90,2,1,1
YFAC27,90,3,1,0
YFAC28,30,1,1,0
YFAC28,90,1,1,0
YFAC5,1,1,1,1
YFAC5,2,1,1,1
YFAC5,4,1,2,2
YFAC5,7,1,2,2
YFAC5,30,1,2,2
YFAC5,30,2,3,3
YFAC5,30,3,1,1
YFAC5,90,1,1,1
YFAC5,90,2,1,1
YFAC5,90,3,1,1
YFAC5,90,4,1,1
YFAC5,90,5,2,2
YFAC6,1,1,1,1
YFAC6,2,1,1,1
YFAC6,4,1,2,1
YFAC6,7,1,2,1
YFAC6,30,1,2,2
YFAC6,30,2,2,1
YFAC6,30,3,1,1
YFAC6,90,1,1,1
YFAC6,90,2,1,1
YFAC6,90,3,1,1
YFAC6,90,4,1,1
YFAC6,90,5,1,0
YFAC7,1,1,1,0
YFAC7,2,1,1,0
YFAC7,4,1,2,0
YFAC7,7,1,2,0
YFAC7,30,1,2,1
YFAC7,30,2,1,0
YFAC7,90,1,2,1
YFAC7,90,2,1,0
YFAC8,30,1,1,0
YFAC8,90,1,1,0
YHGBP1,1,1,21,8
YHGBP1,2,1,32,18
YHGBP1,2,2,2,0
YHGBP1,4,1,110,90
YHGBP1,4,2,6,4
YHGBP1,4,3,1,0
YHGBP1,7,1,112,90
YHGBP1,7,2,48,40
YHGBP1,7,3,3,1
YHGBP1,30,1,61,46
YHGBP1,30,2,36,31
YHGBP1,30,3,25,21
YHGBP1,30,4,16,13
YHGBP1,30,5,26,20
YHGBP1,90,1,63,47
YHGBP1,90,2,36,31
YHGBP1,90,3,25,21
YHGBP1,90,4,16,13
YHGBP1,90,5,26,20
YLEVT1,1,1,1,0
YLEVT1,2,1,1,0
YLEVT1,4,1,1,0
YLEVT1,7,1,2,1
YLEVT1,30,1,2,1
YLEVT1,90,1,3,2
YMPAG,1,1,8,4
YMPAG,2,1,13,7
YMPAG,2,2,4,3
YMPAG,4,1,9,4
YMPAG,4,2,4,3
YMPAG,4,3,4,3
YMPAG,7,1,10,4
YMPAG,7,2,3,2
YMPAG,7,3,2,2
YMPAG,7,4,1,1
YMPAG,7,5,2,1
YMPAG,30,1,10,5
YMPAG,30,2,4,2
YMPAG,30,3,2,2
YMPAG,30,4,1,1
YMPAG,30,5,2,1
YMPAG,90,1,10,5
YMPAG,90,2,4,2
YMPAG,90,3,2,2
YMPAG,90,4,1,1
YMPAG,90,5,2,1
YPARV1,1,1,1,1
YPARV1,2,1,3,3
YPARV1,4,1,4,4
YPARV1,7,1,4,4
YPARV1,30,1,4,4
YPARV1,90,1,4,4
YPARV2,1,1,1,1
YPARV2,2,1,3,3
YPARV2,4,1,4,4
YPARV2,7,1,4,4
YPARV2,30,1,4,4
YPARV2,90,1,4,4
YSTCL4,4,1,1,0
YSTCL4,7,1,1,0
YSTCL4,30,1,2,0
YSTCL4,90,1,2,0
YSTFRR,30,1,2,2
YSTFRR,90,1,2,2
YSTFRR,90,2,1,1
YVITC,30,1,1,1
YVITC,90,1,1,1
