provider_id,start_date,end_date,rotation_id,role
S0181056,2015-07-04 00:00:00,2015-07-18,5,R1
S0181056,2015-11-07 00:00:00,2015-12-05,2,R1
S0181056,2016-02-27 00:00:00,2016-03-26,2,R1
S0181056,2016-08-13 00:00:00,2016-09-10,22,R2
S0181056,2016-09-24 00:00:00,2016-10-08,5,R2
S0181056,2017-02-04 00:00:00,2017-03-04,27,R2
S0181056,2017-03-04 00:00:00,2017-04-01,2,R2
5505,2015-09-12 00:00:00,2015-10-10,2,R1
5505,2015-11-07 00:00:00,2015-12-05,2,R1
5505,2016-01-02 00:00:00,2016-01-16,5,R1
5505,2016-05-21 00:00:00,2016-06-04,5,R1
5505,2016-07-30 00:00:00,2016-08-13,5,R2
5505,2016-09-10 00:00:00,2016-09-24,5,R2
5505,2017-04-29 00:00:00,2017-05-27,27,R2
8301,2012-07-28 00:00:00,2012-08-25,2,R3
8301,2012-09-22 00:00:00,2012-10-06,5,R3
8301,2012-12-29 00:00:00,2013-01-12,5,R3
8301,2013-05-04 00:00:00,2013-06-01,27,R3
S0075723,2012-11-17 00:00:00,2012-12-29,27,R3
S0075723,2013-05-04 00:00:00,2013-05-18,5,R3
S0036489,2012-06-25 00:00:00,2012-07-07,5,R1
S0036489,2012-07-21 00:00:00,2012-08-18,2,R1
S0036489,2012-10-13 00:00:00,2012-11-10,2,R1
S0036489,2013-01-19 00:00:00,2013-02-02,5,R1
S0036489,2013-02-02 00:00:00,2013-03-02,2,R1
S0036489,2013-03-30 00:00:00,2013-04-27,22,R1
S0196152,2016-11-12 00:00:00,2016-12-10,2,R1
S0196152,2016-12-10 00:00:00,2016-12-31,5,R1
S0196152,2017-03-25 00:00:00,2017-04-22,2,R1
S0196152,2017-04-22 00:00:00,2017-05-20,22,R1
S263,2013-02-09 00:00:00,2013-02-23,5,R3
S263,2013-04-06 00:00:00,2013-05-04,27,R3
S265,2012-07-01 00:00:00,2012-07-28,27,R2
S265,2012-08-11 00:00:00,2012-08-25,5,R2
S265,2013-05-18 00:00:00,2013-06-01,5,R2
S0003751,2012-10-13 00:00:00,2012-11-10,2,R1
S0003751,2012-12-08 00:00:00,2012-12-22,5,R1
S0003751,2013-02-02 00:00:00,2013-03-02,2,R1
S0003751,2013-05-11 00:00:00,2013-05-25,5,R1
S0003751,2013-07-01 00:00:00,2013-07-27,27,R2
S0003751,2013-09-07 00:00:00,2013-09-21,5,R2
S0003751,2013-09-21 00:00:00,2013-10-19,22,R2
S0003751,2013-11-16 00:00:00,2013-12-07,5,R2
S0003751,2014-07-12 00:00:00,2014-07-26,5,R3
S0003751,2014-08-23 00:00:00,2014-09-20,2,R3
S0003751,2014-10-18 00:00:00,2014-11-15,27,R3
S0003751,2014-11-15 00:00:00,2014-12-09,2,R3
S0003751,2014-12-28 00:00:00,2015-01-10,2,R3
S0003751,2015-05-02 00:00:00,2015-05-16,5,R3
S0012276,2014-08-16 00:00:00,2014-09-13,2,R1
S0012276,2015-02-28 00:00:00,2015-03-28,2,R1
S0012276,2015-05-09 00:00:00,2015-05-23,5,R1
S0012276,2016-08-13 00:00:00,2016-09-10,2,R3
S0012276,2017-01-07 00:00:00,2017-02-04,2,R3
S0019457,2014-07-19 00:00:00,2014-08-16,2,R1
S0019457,2015-05-23 00:00:00,2015-06-25,2,R1
S0019457,2015-07-25 00:00:00,2015-08-08,5,R2
S0019457,2015-12-08 00:00:00,2015-12-28,5,R2
S0019457,2016-03-05 00:00:00,2016-04-02,27,R2
S0019457,2016-04-02 00:00:00,2016-04-30,2,R2
S0021344,2012-09-15 00:00:00,2012-10-13,2,R1
S0021344,2012-11-10 00:00:00,2012-12-08,2,R1
S0021344,2013-03-16 00:00:00,2013-03-30,5,R1
S0021344,2013-08-24 00:00:00,2013-09-21,27,R2
S0021344,2014-03-08 00:00:00,2014-03-22,5,R2
S0021344,2014-08-09 00:00:00,2014-08-23,5,R3
S0021344,2015-03-07 00:00:00,2015-04-04,22,R3
S0021344,2015-05-16 00:00:00,2015-05-30,5,R3
S0032902,2012-09-22 00:00:00,2012-10-06,5,R2
S0032902,2012-12-29 00:00:00,2013-01-12,27,R2
S0032902,2013-03-23 00:00:00,2013-04-06,5,R2
S0032902,2013-05-04 00:00:00,2013-06-01,2,R2
S0032902,2013-08-24 00:00:00,2013-09-21,2,R3
S0032902,2013-11-16 00:00:00,2013-12-07,5,R3
S0032902,2013-12-28 00:00:00,2014-01-11,27,R3
S0032902,2014-04-19 00:00:00,2014-05-03,5,R3
S0036093,2012-07-01 00:00:00,2012-07-14,5,R2
S0036093,2012-07-28 00:00:00,2012-08-25,27,R2
S0036093,2012-09-22 00:00:00,2012-10-20,22,R2
S0036093,2013-01-12 00:00:00,2013-02-09,2,R2
S0036093,2013-03-09 00:00:00,2013-03-23,5,R2
S0040953,2012-07-14 00:00:00,2012-07-28,5,R3
S0040953,2012-07-28 00:00:00,2012-08-25,2,R3
S0041977,2012-07-28 00:00:00,2012-08-11,5,R3
S0041977,2012-09-22 00:00:00,2012-10-20,2,R3
S0041977,2013-03-09 00:00:00,2013-04-06,2,R3
S0041977,2013-05-04 00:00:00,2013-06-01,27,R3
S0046640,2014-12-06 00:00:00,2015-01-03,2,R1
S0046640,2015-02-14 00:00:00,2015-02-28,5,R1
S0046640,2015-04-25 00:00:00,2015-05-23,2,R1
S0046640,2015-08-22 00:00:00,2015-09-19,2,R2
S0046640,2015-10-17 00:00:00,2015-11-14,27,R2
S0046640,2015-12-08 00:00:00,2015-12-28,2,R2
S0046640,2016-01-09 00:00:00,2016-01-23,5,R2
S0049443,2013-01-05 00:00:00,2013-02-02,2,R1
S0049443,2013-02-02 00:00:00,2013-02-16,5,R1
S0049443,2013-03-02 00:00:00,2013-03-30,2,R1
S0049443,2013-05-25 00:00:00,2013-06-25,2,R1
S0049443,2013-07-01 00:00:00,2013-07-27,22,R2
S0049443,2013-08-10 00:00:00,2013-08-24,5,R2
S0049443,2013-10-19 00:00:00,2013-11-16,27,R2
S0049443,2014-06-14 00:00:00,2014-07-01,5,R2
S0049443,2014-07-01 00:00:00,2014-07-26,2,R3
S0049443,2014-12-28 00:00:00,2015-01-10,22,R3
S0050270,2016-08-20 00:00:00,2016-09-03,5,R1
S0050270,2016-09-17 00:00:00,2016-10-15,2,R1
S0050270,2017-03-25 00:00:00,2017-04-22,2,R1
S0050270,2017-04-22 00:00:00,2017-05-06,5,R1
S0056478,2012-07-28 00:00:00,2012-08-11,5,R3
S0056478,2012-08-25 00:00:00,2012-09-22,2,R3
S0056478,2013-03-09 00:00:00,2013-04-06,27,R3
S0056478,2013-06-01 00:00:00,2013-06-15,5,R3
S0056481,2015-08-15 00:00:00,2015-08-29,5,R1
S0056481,2015-10-10 00:00:00,2015-11-07,2,R1
S0056481,2016-03-26 00:00:00,2016-04-23,2,R1
S0056481,2016-04-23 00:00:00,2016-05-21,22,R1
S0056482,2012-11-17 00:00:00,2012-12-29,27,R3
S0056482,2013-05-04 00:00:00,2013-05-18,5,R3
S0056743,2012-08-18 00:00:00,2012-09-15,2,R1
S0056743,2013-01-05 00:00:00,2013-02-02,2,R1
S0056743,2013-06-08 00:00:00,2013-06-25,5,R1
S0056743,2014-02-08 00:00:00,2014-02-22,5,R2
S0056743,2014-04-05 00:00:00,2014-04-19,5,R2
S0056743,2014-05-31 00:00:00,2014-07-01,27,R2
S0056743,2014-09-06 00:00:00,2014-09-20,5,R3
S0056743,2015-05-30 00:00:00,2015-07-01,27,R3
S0056755,2014-06-25 00:00:00,2014-07-19,22,R1
S0056755,2014-09-13 00:00:00,2014-10-11,2,R1
S0056755,2014-12-06 00:00:00,2014-12-20,5,R1
S0056755,2015-01-24 00:00:00,2015-01-31,2,R1
S0056755,2015-02-28 00:00:00,2015-03-28,2,R1
S0056755,2016-04-30 00:00:00,2016-05-14,5,R2
S0056755,2016-05-28 00:00:00,2016-06-25,27,R2
S0056755,2016-12-28 00:00:00,2017-01-07,27,R3
S0056785,2012-09-08 00:00:00,2012-09-22,5,R2
S0056785,2012-10-20 00:00:00,2012-11-17,27,R2
S0056785,2013-01-12 00:00:00,2013-01-26,5,R2
S0056785,2014-01-11 00:00:00,2014-01-25,5,R3
S0056785,2014-03-08 00:00:00,2014-04-05,2,R3
S0056785,2014-05-03 00:00:00,2014-05-31,2,R3
S0060285,2013-07-20 00:00:00,2013-08-17,2,R1
S0060285,2013-10-12 00:00:00,2013-11-09,2,R1
S0060285,2013-12-21 00:00:00,2014-01-04,5,R1
S0060285,2014-05-10 00:00:00,2014-05-24,5,R1
S0060285,2014-07-01 00:00:00,2014-07-12,5,R2
S0060285,2014-08-23 00:00:00,2014-09-20,2,R2
S0060285,2014-10-18 00:00:00,2014-11-01,5,R2
S0060285,2014-12-09 00:00:00,2014-12-28,27,R2
S0060285,2015-01-10 00:00:00,2015-02-07,2,R2
S0060285,2015-05-30 00:00:00,2015-06-13,5,R2
S0060285,2015-07-25 00:00:00,2015-08-22,2,R3
S0060285,2015-11-14 00:00:00,2015-12-08,22,R3
S0060285,2016-01-23 00:00:00,2016-02-06,5,R3
S0060285,2016-02-06 00:00:00,2016-03-05,27,R3
S0062217,2012-06-25 00:00:00,2012-07-07,5,R1
S0062217,2012-07-21 00:00:00,2012-08-18,2,R1
S0062217,2013-01-05 00:00:00,2013-02-02,22,R1
S0062217,2013-03-30 00:00:00,2013-04-27,2,R1
S0062217,2013-04-27 00:00:00,2013-05-25,2,R1
S0062217,2013-07-27 00:00:00,2013-08-24,27,R2
S0062217,2013-08-24 00:00:00,2013-09-21,2,R2
S0062217,2014-04-19 00:00:00,2014-05-03,5,R2
S0062217,2014-05-03 00:00:00,2014-05-17,5,R2
S0062217,2014-07-01 00:00:00,2014-07-12,5,R3
S0062217,2014-07-26 00:00:00,2014-08-23,22,R3
S0062217,2014-11-01 00:00:00,2014-11-15,5,R3
S0062217,2014-11-15 00:00:00,2014-12-09,2,R3
S0062217,2014-12-28 00:00:00,2015-01-10,27,R3
S0062217,2015-03-07 00:00:00,2015-04-04,2,R3
S0063830,2012-08-25 00:00:00,2012-09-08,5,R3
S0068710,2012-07-14 00:00:00,2012-07-28,5,R2
S0068710,2012-08-25 00:00:00,2012-09-22,27,R2
S0068710,2013-01-12 00:00:00,2013-01-26,5,R2
S0068710,2013-05-04 00:00:00,2013-05-18,5,R2
S0068710,2013-07-13 00:00:00,2013-07-27,5,R3
S0068710,2013-09-21 00:00:00,2013-10-19,2,R3
S0068710,2013-10-19 00:00:00,2013-11-16,27,R3
S0068710,2014-02-22 00:00:00,2014-03-08,5,R3
S0069088,2012-07-14 00:00:00,2012-07-28,5,R2
S0069088,2012-12-24 00:00:00,2012-12-29,5,R2
S0069088,2013-03-23 00:00:00,2013-04-06,5,R2
S0069088,2013-05-04 00:00:00,2013-06-01,2,R2
S0069088,2013-06-01 00:00:00,2013-07-01,27,R2
S0069088,2013-07-01 00:00:00,2013-07-13,5,R3
S0069088,2013-12-28 00:00:00,2014-01-11,5,R3
S0069088,2014-01-11 00:00:00,2014-02-08,2,R3
S0069088,2014-04-05 00:00:00,2014-05-03,27,R3
S0069100,2012-07-21 00:00:00,2012-08-18,2,R1
S0069100,2012-11-24 00:00:00,2012-12-08,5,R1
S0069100,2012-12-08 00:00:00,2013-01-05,2,R1
S0069100,2013-04-27 00:00:00,2013-05-11,5,R1
S0069100,2013-07-01 00:00:00,2013-07-27,27,R2
S0069100,2013-08-24 00:00:00,2013-09-07,5,R2
S0069100,2015-01-24 00:00:00,2015-02-07,5,R3
S0069100,2015-04-04 00:00:00,2015-04-18,5,R3
S0069130,2012-07-21 00:00:00,2012-08-04,5,R1
S0069130,2012-08-18 00:00:00,2012-09-15,2,R1
S0069130,2012-09-15 00:00:00,2012-09-29,5,R1
S0069130,2013-05-25 00:00:00,2013-06-25,2,R1
S0069130,2013-10-05 00:00:00,2013-10-19,5,R2
S0069130,2013-10-19 00:00:00,2013-11-16,22,R2
S0069130,2014-02-08 00:00:00,2014-03-08,27,R2
S0069130,2014-05-31 00:00:00,2014-06-14,5,R2
S0069130,2015-01-10 00:00:00,2015-01-24,5,R3
S0069130,2015-03-07 00:00:00,2015-03-21,5,R3
S0069130,2015-04-04 00:00:00,2015-05-02,27,R3
S0069131,2012-09-22 00:00:00,2012-10-20,27,R2
S0069131,2013-02-23 00:00:00,2013-03-09,5,R2
S0069131,2013-03-23 00:00:00,2013-04-06,5,R2
S0069131,2013-05-04 00:00:00,2013-06-01,2,R2
S0069131,2013-09-07 00:00:00,2013-09-21,5,R3
S0069131,2014-02-08 00:00:00,2014-03-08,2,R3
S0069140,2012-11-10 00:00:00,2012-12-08,2,R1
S0069140,2012-12-08 00:00:00,2013-01-05,22,R1
S0069140,2013-04-27 00:00:00,2013-05-25,2,R1
S0069140,2014-01-25 00:00:00,2014-02-08,5,R2
S0069140,2014-05-03 00:00:00,2014-05-31,27,R2
S0069140,2014-11-15 00:00:00,2014-12-09,27,R3
S0069140,2015-01-24 00:00:00,2015-02-07,5,R3
S0069156,2012-06-25 00:00:00,2012-07-21,2,R1
S0069156,2012-12-08 00:00:00,2013-01-05,2,R1
S0069156,2014-01-25 00:00:00,2014-02-08,5,R2
S0069156,2014-05-31 00:00:00,2014-07-01,27,R2
S0069156,2014-09-06 00:00:00,2014-09-20,5,R3
S0069156,2015-04-04 00:00:00,2015-05-02,2,R3
S0070042,2012-10-20 00:00:00,2012-11-03,5,R3
S0070042,2012-11-17 00:00:00,2012-12-29,2,R3
S0070042,2013-02-09 00:00:00,2013-03-09,27,R3
S0070660,2012-07-01 00:00:00,2012-07-28,27,R3
S0070660,2013-06-01 00:00:00,2013-06-15,5,R3
S0071106,2012-10-20 00:00:00,2012-11-17,2,R3
S0071106,2013-01-03 00:00:00,2013-01-12,5,R3
S0071106,2013-05-04 00:00:00,2013-06-01,27,R3
S0071110,2012-07-14 00:00:00,2012-07-28,5,R3
S0074196,2015-08-15 00:00:00,2015-09-12,2,R1
S0074196,2015-10-10 00:00:00,2015-11-07,22,R1
S0074196,2016-01-02 00:00:00,2016-01-30,2,R1
S0074196,2016-06-25 00:00:00,2016-07-16,5,R2
S0074196,2016-09-24 00:00:00,2016-10-08,5,R2
S0074196,2016-11-05 00:00:00,2016-12-03,27,R2
S0074892,2012-07-01 00:00:00,2012-07-14,5,R3
S0074892,2012-12-29 00:00:00,2013-01-03,5,R3
S0074892,2013-03-09 00:00:00,2013-03-23,5,R3
S0074892,2013-04-06 00:00:00,2013-05-04,27,R3
S0075667,2012-07-01 00:00:00,2012-07-28,2,R3
S0075667,2012-09-22 00:00:00,2012-10-20,2,R3
S0075667,2013-01-12 00:00:00,2013-02-09,27,R3
S0075667,2013-02-23 00:00:00,2013-03-09,5,R3
S0075687,2012-08-25 00:00:00,2012-09-22,2,R3
S0075687,2012-11-17 00:00:00,2012-12-08,5,R3
S0075687,2013-04-06 00:00:00,2013-05-04,2,R3
S0075687,2013-05-18 00:00:00,2013-06-01,5,R3
S0075687,2013-07-01 00:00:00,2013-07-27,2,R3
S0075708,2013-01-26 00:00:00,2013-02-09,5,R3
S0075708,2013-05-04 00:00:00,2013-06-01,27,R3
S0075709,2012-10-20 00:00:00,2012-11-03,5,R3
S0075709,2012-11-17 00:00:00,2012-12-29,2,R3
S0075709,2013-01-26 00:00:00,2013-02-09,5,R3
S0075711,2012-09-22 00:00:00,2012-10-20,2,R3
S0075711,2012-11-17 00:00:00,2012-12-08,5,R3
S0075711,2012-12-29 00:00:00,2013-01-12,27,R3
S0075711,2013-02-09 00:00:00,2013-03-09,2,R3
S0075711,2013-04-20 00:00:00,2013-05-04,5,R3
S0075713,2012-11-17 00:00:00,2012-12-29,27,R3
S0075713,2013-03-09 00:00:00,2013-03-23,5,R3
S0075715,2012-07-01 00:00:00,2012-07-28,2,R3
S0075715,2012-07-28 00:00:00,2012-08-25,27,R3
S0075715,2012-09-22 00:00:00,2012-10-06,5,R3
S0075715,2012-11-17 00:00:00,2012-12-29,2,R3
S0075716,2012-10-20 00:00:00,2012-11-17,2,R3
S0075716,2012-12-29 00:00:00,2013-01-03,5,R3
S0075716,2013-02-09 00:00:00,2013-02-23,5,R3
S0075716,2013-06-01 00:00:00,2013-07-01,27,R3
S0075719,2012-07-01 00:00:00,2012-07-28,2,R3
S0075719,2012-08-11 00:00:00,2012-08-25,5,R3
S0075719,2013-06-01 00:00:00,2013-06-15,5,R3
S0075725,2012-12-08 00:00:00,2012-12-24,5,R3
S0075725,2013-01-26 00:00:00,2013-02-09,5,R3
S0075725,2013-02-23 00:00:00,2013-03-09,5,R3
S0075730,2012-07-28 00:00:00,2012-08-25,2,R3
S0075730,2012-11-03 00:00:00,2012-11-17,5,R3
S0075730,2013-04-06 00:00:00,2013-04-20,5,R3
S0075731,2012-08-25 00:00:00,2012-09-22,2,R3
S0075731,2012-10-20 00:00:00,2012-11-17,2,R3
S0075731,2012-12-29 00:00:00,2013-01-12,5,R3
S0075731,2013-02-23 00:00:00,2013-03-09,5,R3
S0075733,2012-07-01 00:00:00,2012-07-14,5,R3
S0075733,2012-10-20 00:00:00,2012-11-17,2,R3
S0075733,2013-01-12 00:00:00,2013-02-09,2,R3
S0075734,2012-09-08 00:00:00,2012-09-22,5,R3
S0075734,2013-01-03 00:00:00,2013-01-12,5,R3
S0075734,2013-04-06 00:00:00,2013-05-04,2,R3
S0075735,2012-08-11 00:00:00,2012-08-25,5,R3
S0075735,2012-12-29 00:00:00,2013-01-12,5,R3
S0075738,2012-07-01 00:00:00,2012-07-28,2,R3
S0075738,2012-10-06 00:00:00,2012-10-20,5,R3
S0075739,2012-09-08 00:00:00,2012-09-22,5,R3
S0075739,2013-01-12 00:00:00,2013-02-09,27,R3
S0075739,2013-03-23 00:00:00,2013-04-06,5,R3
S0075740,2012-10-20 00:00:00,2012-11-03,5,R3
S0075740,2013-06-01 00:00:00,2013-06-15,5,R3
S0075779,2012-08-04 00:00:00,2012-08-18,5,R1
S0075779,2012-12-22 00:00:00,2013-01-05,5,R1
S0075779,2013-02-02 00:00:00,2013-03-02,2,R1
S0075779,2013-04-27 00:00:00,2013-05-25,2,R1
S0075779,2013-09-07 00:00:00,2013-09-21,5,R2
S0075779,2013-10-19 00:00:00,2013-11-16,27,R2
S0075779,2013-12-07 00:00:00,2013-12-28,5,R2
S0075779,2014-03-08 00:00:00,2014-04-05,2,R2
S0076184,2012-10-13 00:00:00,2012-11-10,2,R1
S0076184,2013-03-02 00:00:00,2013-03-30,2,R1
S0076184,2013-08-24 00:00:00,2013-09-21,22,R2
S0076184,2013-10-19 00:00:00,2013-11-02,5,R2
S0076184,2014-03-22 00:00:00,2014-04-05,5,R2
S0076184,2014-05-03 00:00:00,2014-05-31,2,R2
S0076184,2014-05-31 00:00:00,2014-07-01,27,R2
S0076184,2014-11-15 00:00:00,2014-11-29,5,R3
S0076184,2015-03-07 00:00:00,2015-04-04,27,R3
S0077148,2013-07-20 00:00:00,2013-08-17,22,R1
S0077148,2013-08-17 00:00:00,2013-09-14,2,R1
S0077148,2014-01-18 00:00:00,2014-02-01,5,R1
S0077148,2014-03-01 00:00:00,2014-03-29,2,R1
S0077148,2014-08-23 00:00:00,2014-09-20,27,R2
S0077148,2015-01-10 00:00:00,2015-02-07,2,R2
S0077148,2015-05-30 00:00:00,2015-07-01,2,R2
S0077148,2015-07-01 00:00:00,2015-07-25,2,R3
S0077148,2015-09-05 00:00:00,2015-09-19,5,R3
S0077148,2016-02-06 00:00:00,2016-03-05,2,R3
S0077148,2016-03-19 00:00:00,2016-04-02,5,R3
S0077148,2016-04-30 00:00:00,2016-05-28,27,R3
S0077153,2012-08-18 00:00:00,2012-09-15,2,R1
S0077153,2012-10-13 00:00:00,2012-11-10,22,R1
S0078543,2012-12-08 00:00:00,2012-12-24,5,R2
S0078543,2012-12-29 00:00:00,2013-01-12,27,R2
S0078543,2013-01-26 00:00:00,2013-02-09,5,R2
S0078543,2013-04-06 00:00:00,2013-05-04,27,R2
S0078543,2013-06-01 00:00:00,2013-07-01,2,R2
S0078543,2013-09-21 00:00:00,2013-10-05,5,R3
S0078543,2013-11-16 00:00:00,2013-12-28,2,R3
S0079056,2012-07-01 00:00:00,2012-07-14,5,R2
S0079056,2012-08-25 00:00:00,2012-09-22,22,R2
S0079056,2012-09-22 00:00:00,2012-10-20,27,R2
S0079056,2012-10-20 00:00:00,2012-11-03,5,R2
S0079056,2013-04-06 00:00:00,2013-04-20,5,R2
S0079056,2014-01-11 00:00:00,2014-02-08,2,R3
S0079056,2014-04-19 00:00:00,2014-05-03,5,R3
S0079337,2014-06-25 00:00:00,2014-07-19,2,R1
S0079337,2014-12-06 00:00:00,2015-01-03,2,R1
S0079337,2015-09-19 00:00:00,2015-10-03,5,R2
S0079337,2015-11-14 00:00:00,2015-12-08,5,R2
S0079337,2016-02-06 00:00:00,2016-03-05,22,R2
S0079337,2016-05-28 00:00:00,2016-06-25,27,R2
S0079337,2016-10-08 00:00:00,2016-10-22,5,R3
S0079337,2017-05-27 00:00:00,2017-06-10,5,R3
S0079640,2016-08-20 00:00:00,2016-09-17,2,R1
S0079640,2016-09-17 00:00:00,2016-10-15,22,R1
S0079640,2016-12-31 00:00:00,2017-01-28,2,R1
S0080588,2013-09-14 00:00:00,2013-10-12,2,R1
S0080588,2013-11-09 00:00:00,2013-12-07,2,R1
S0080588,2014-03-29 00:00:00,2014-04-26,2,R1
S0080588,2014-04-26 00:00:00,2014-05-10,5,R1
S0080588,2014-07-01 00:00:00,2014-07-26,27,R2
S0080588,2015-02-07 00:00:00,2015-02-21,5,R2
S0080588,2015-05-02 00:00:00,2015-05-30,22,R2
S0080588,2015-10-03 00:00:00,2015-10-17,5,R3
S0080588,2016-04-02 00:00:00,2016-04-30,27,R3
S0082662,2016-06-25 00:00:00,2016-07-23,2,R1
S0082662,2016-12-31 00:00:00,2017-01-14,5,R1
S0082662,2017-01-28 00:00:00,2017-02-25,2,R1
S0083229,2014-09-13 00:00:00,2014-10-11,2,R1
S0083229,2015-02-28 00:00:00,2015-03-14,5,R1
S0083229,2015-03-28 00:00:00,2015-04-25,2,R1
S0083229,2016-07-16 00:00:00,2016-08-13,2,R3
S0083229,2016-09-10 00:00:00,2016-09-24,5,R3
S0083229,2017-03-04 00:00:00,2017-04-01,2,R3
S0084384,2012-07-28 00:00:00,2012-08-25,27,R2
S0084384,2012-08-25 00:00:00,2012-09-08,5,R2
S0084384,2013-01-03 00:00:00,2013-01-12,22,R2
S0084384,2013-01-12 00:00:00,2013-01-26,5,R2
S0084384,2013-03-09 00:00:00,2013-04-06,2,R2
S0084384,2013-07-01 00:00:00,2013-07-27,2,R3
S0084384,2013-07-27 00:00:00,2013-08-10,5,R3
S0084384,2013-11-16 00:00:00,2013-12-07,5,R3
S0084386,2012-08-25 00:00:00,2012-09-22,27,R2
S0084386,2012-10-20 00:00:00,2012-11-03,5,R2
S0084386,2012-12-29 00:00:00,2013-01-12,2,R2
S0084386,2013-02-09 00:00:00,2013-02-23,5,R2
S0084386,2013-03-09 00:00:00,2013-04-06,22,R2
S0084386,2013-08-10 00:00:00,2013-08-24,5,R3
S0084386,2014-01-11 00:00:00,2014-02-08,2,R3
S0084386,2014-05-03 00:00:00,2014-05-31,27,R3
S0084387,2012-09-22 00:00:00,2012-10-06,5,R2
S0084387,2012-10-20 00:00:00,2012-11-17,27,R2
S0084387,2013-02-09 00:00:00,2013-03-09,22,R2
S0084387,2013-03-09 00:00:00,2013-03-23,5,R2
S0084392,2012-08-25 00:00:00,2012-09-08,5,R2
S0084392,2012-10-20 00:00:00,2012-11-17,22,R2
S0084392,2012-11-17 00:00:00,2012-12-29,27,R2
S0084392,2013-04-20 00:00:00,2013-05-04,5,R2
S0084392,2013-11-02 00:00:00,2013-11-16,5,R3
S0084392,2014-01-02 00:00:00,2014-01-11,5,R3
S0084392,2014-03-08 00:00:00,2014-04-05,2,R3
S0084392,2014-05-31 00:00:00,2014-06-14,5,R3
S0084393,2012-10-06 00:00:00,2012-10-20,5,R2
S0084393,2012-10-20 00:00:00,2012-11-17,27,R2
S0084393,2012-12-24 00:00:00,2012-12-29,5,R2
S0084393,2013-04-20 00:00:00,2013-05-04,5,R2
S0084393,2013-06-01 00:00:00,2013-07-01,22,R2
S0084393,2013-07-01 00:00:00,2013-07-27,2,R3
S0084393,2014-01-11 00:00:00,2014-01-25,5,R3
S0084393,2014-05-31 00:00:00,2014-06-14,5,R3
S0084401,2012-08-25 00:00:00,2012-09-08,5,R2
S0084401,2013-01-12 00:00:00,2013-02-09,27,R2
S0084401,2013-02-09 00:00:00,2013-03-09,2,R2
S0084401,2013-04-20 00:00:00,2013-05-04,5,R2
S0084401,2013-07-13 00:00:00,2013-07-27,5,R3
S0084401,2013-11-16 00:00:00,2013-12-07,5,R3
S0084401,2013-12-28 00:00:00,2014-01-11,2,R3
S0084401,2014-02-08 00:00:00,2014-03-08,27,R3
S0084407,2012-07-01 00:00:00,2012-07-14,5,R2
S0084407,2012-11-17 00:00:00,2012-12-08,5,R2
S0084407,2013-01-12 00:00:00,2013-02-09,2,R2
S0084407,2013-02-09 00:00:00,2013-03-09,27,R2
S0084412,2012-07-28 00:00:00,2012-08-11,5,R2
S0084412,2012-09-22 00:00:00,2012-10-20,27,R2
S0084412,2012-12-29 00:00:00,2013-01-12,2,R2
S0084412,2013-05-04 00:00:00,2013-05-18,5,R2
S0084412,2013-08-24 00:00:00,2013-09-07,5,R3
S0084412,2014-04-05 00:00:00,2014-05-03,27,R3
S0084412,2014-05-03 00:00:00,2014-05-31,2,R3
S0084431,2012-09-22 00:00:00,2012-10-20,27,R2
S0084431,2012-11-03 00:00:00,2012-11-17,5,R2
S0084431,2012-12-08 00:00:00,2012-12-24,5,R2
S0084431,2013-03-23 00:00:00,2013-04-06,5,R2
S0084431,2013-07-01 00:00:00,2013-07-13,5,R3
S0084431,2013-08-24 00:00:00,2013-09-07,5,R3
S0084431,2013-12-28 00:00:00,2014-01-11,27,R3
S0084431,2014-03-08 00:00:00,2014-04-05,2,R3
S0084431,2014-05-03 00:00:00,2014-05-31,2,R3
S0084433,2012-07-14 00:00:00,2012-07-28,5,R2
S0084433,2012-11-03 00:00:00,2012-11-17,5,R2
S0084433,2013-03-09 00:00:00,2013-04-06,27,R2
S0084433,2013-07-01 00:00:00,2013-07-27,2,R3
S0084433,2014-02-08 00:00:00,2014-02-22,5,R3
S0084438,2012-07-28 00:00:00,2012-08-25,2,R2
S0084438,2012-10-06 00:00:00,2012-10-20,5,R2
S0084438,2012-12-24 00:00:00,2012-12-29,5,R2
S0084438,2013-03-09 00:00:00,2013-04-06,27,R2
S0084438,2013-10-19 00:00:00,2013-11-16,2,R3
S0084438,2014-04-05 00:00:00,2014-05-03,2,R3
S0084443,2012-07-28 00:00:00,2012-08-25,27,R2
S0084443,2012-11-03 00:00:00,2012-11-17,5,R2
S0084443,2012-12-24 00:00:00,2012-12-29,5,R2
S0084443,2013-04-06 00:00:00,2013-05-04,2,R2
S0084443,2013-06-01 00:00:00,2013-07-01,2,R2
S0084449,2012-12-08 00:00:00,2012-12-24,5,R2
S0084449,2013-03-09 00:00:00,2013-04-06,27,R2
S0084449,2013-04-06 00:00:00,2013-04-20,5,R2
S0084449,2013-05-18 00:00:00,2013-06-01,5,R2
S0084449,2013-07-01 00:00:00,2013-07-13,5,R3
S0084449,2013-10-19 00:00:00,2013-11-16,2,R3
S0084449,2013-12-28 00:00:00,2014-01-05,5,R3
S0084453,2012-08-25 00:00:00,2012-09-22,2,R2
S0084453,2013-01-12 00:00:00,2013-01-26,5,R2
S0084453,2013-06-01 00:00:00,2013-07-01,27,R2
S0084453,2013-11-16 00:00:00,2013-12-28,2,R3
S0084453,2014-05-31 00:00:00,2014-06-14,5,R3
S0084461,2012-08-25 00:00:00,2012-09-22,27,R2
S0084461,2012-12-29 00:00:00,2013-01-12,2,R2
S0084461,2013-05-18 00:00:00,2013-06-01,5,R2
S0084461,2013-06-15 00:00:00,2013-07-01,5,R2
S0084461,2013-07-27 00:00:00,2013-08-24,2,R3
S0084461,2013-08-24 00:00:00,2013-09-07,5,R3
S0084462,2012-09-08 00:00:00,2012-09-22,5,R2
S0084462,2012-10-06 00:00:00,2012-10-20,5,R2
S0084462,2012-11-17 00:00:00,2012-12-24,22,R2
S0084462,2013-02-09 00:00:00,2013-02-23,5,R2
S0084462,2013-04-06 00:00:00,2013-05-04,2,R2
S0084462,2013-06-01 00:00:00,2013-07-01,27,R2
S0084462,2014-02-08 00:00:00,2014-02-22,5,R3
S0084464,2013-02-09 00:00:00,2013-03-09,2,R2
S0084464,2013-04-20 00:00:00,2013-05-04,5,R2
S0084464,2013-05-18 00:00:00,2013-06-01,5,R2
S0084464,2013-08-24 00:00:00,2013-09-21,2,R3
S0084464,2014-02-22 00:00:00,2014-03-08,5,R3
S0084464,2014-05-31 00:00:00,2014-07-01,27,R3
S0084472,2012-09-08 00:00:00,2012-09-22,5,R2
S0084472,2012-12-24 00:00:00,2012-12-29,5,R2
S0084472,2013-02-09 00:00:00,2013-03-09,27,R2
S0084472,2013-03-09 00:00:00,2013-04-06,2,R2
S0084472,2013-07-13 00:00:00,2013-07-27,5,R3
S0084472,2013-10-19 00:00:00,2013-11-02,5,R3
S0084472,2014-03-08 00:00:00,2014-04-05,27,R3
S0084472,2014-04-05 00:00:00,2014-05-03,2,R3
S0084484,2012-07-01 00:00:00,2012-07-28,22,R2
S0084484,2012-11-03 00:00:00,2012-11-17,5,R2
S0084484,2012-12-29 00:00:00,2013-01-12,27,R2
S0084484,2013-03-09 00:00:00,2013-03-23,5,R2
S0084484,2013-12-28 00:00:00,2014-01-11,27,R3
S0084484,2014-02-08 00:00:00,2014-03-08,2,R3
S0084484,2014-05-03 00:00:00,2014-05-17,5,R3
S0084492,2012-07-01 00:00:00,2012-07-28,27,R2
S0084492,2012-11-17 00:00:00,2012-12-29,2,R2
S0084492,2013-01-12 00:00:00,2013-02-09,22,R2
S0084492,2013-02-09 00:00:00,2013-02-23,5,R2
S0084492,2013-03-09 00:00:00,2013-04-06,2,R2
S0084492,2013-06-01 00:00:00,2013-06-15,5,R2
S0084492,2013-07-27 00:00:00,2013-08-24,2,R3
S0084492,2014-03-22 00:00:00,2014-04-05,5,R3
S0084499,2012-07-01 00:00:00,2012-07-28,27,R2
S0084499,2012-09-22 00:00:00,2012-10-06,5,R2
S0084499,2013-02-09 00:00:00,2013-03-09,2,R2
S0084499,2013-05-04 00:00:00,2013-06-01,22,R2
S0084499,2013-06-15 00:00:00,2013-07-01,5,R2
S0084499,2013-07-27 00:00:00,2013-08-10,5,R3
S0084504,2012-07-28 00:00:00,2012-08-25,22,R2
S0084504,2012-08-25 00:00:00,2012-09-22,27,R2
S0084504,2012-11-17 00:00:00,2012-12-08,5,R2
S0084504,2013-05-04 00:00:00,2013-05-18,5,R2
S0084504,2013-07-27 00:00:00,2013-08-10,5,R3
S0084504,2013-11-16 00:00:00,2013-12-28,2,R3
S0084504,2014-01-11 00:00:00,2014-02-08,2,R3
S0085726,2012-10-13 00:00:00,2012-11-10,22,R1
S0085726,2013-01-05 00:00:00,2013-02-02,2,R1
S0085726,2013-04-27 00:00:00,2013-05-25,2,R1
S0085726,2013-05-25 00:00:00,2013-06-25,2,R1
S0086544,2012-09-15 00:00:00,2012-10-13,2,R1
S0086544,2013-03-30 00:00:00,2013-04-27,2,R1
S0086544,2013-09-21 00:00:00,2013-10-19,27,R2
S0086544,2014-06-14 00:00:00,2014-07-01,5,R2
S0086544,2014-07-26 00:00:00,2014-08-23,2,R3
S0086544,2014-09-20 00:00:00,2014-10-04,5,R3
S0086544,2014-12-28 00:00:00,2015-01-10,5,R3
S0087246,2012-09-15 00:00:00,2012-10-13,22,R1
S0087246,2012-11-10 00:00:00,2012-12-08,2,R1
S0087246,2013-03-02 00:00:00,2013-03-30,2,R1
S0087246,2013-04-27 00:00:00,2013-05-25,2,R1
S0087739,2013-07-20 00:00:00,2013-08-17,2,R1
S0087739,2013-09-14 00:00:00,2013-10-12,22,R1
S0087739,2013-11-23 00:00:00,2013-12-07,5,R1
S0087739,2014-03-01 00:00:00,2014-03-29,2,R1
S0087739,2014-07-26 00:00:00,2014-08-23,27,R2
S0087739,2014-11-15 00:00:00,2014-12-09,5,R2
S0087739,2015-02-07 00:00:00,2015-03-07,2,R2
S0087739,2015-07-25 00:00:00,2015-08-08,5,R3
S0087739,2015-11-14 00:00:00,2015-12-08,2,R3
S0087739,2015-12-28 00:00:00,2016-01-09,27,R3
S0087739,2016-02-06 00:00:00,2016-02-20,5,R3
S0089046,2012-06-25 00:00:00,2012-07-21,22,R1
S0089046,2012-08-18 00:00:00,2012-09-15,2,R1
S0089046,2012-09-15 00:00:00,2012-09-29,5,R1
S0089046,2013-01-05 00:00:00,2013-02-02,2,R1
S0089046,2013-05-25 00:00:00,2013-06-08,5,R1
S0089046,2014-03-22 00:00:00,2014-04-05,5,R2
S0089046,2014-05-03 00:00:00,2014-05-31,27,R2
S0089046,2014-07-12 00:00:00,2014-07-26,5,R3
S0089046,2015-05-02 00:00:00,2015-05-30,2,R3
S0089046,2015-06-13 00:00:00,2015-07-01,5,R3
S0090032,2012-08-18 00:00:00,2012-09-15,22,R1
S0090032,2012-10-13 00:00:00,2012-11-10,2,R1
S0090032,2013-02-02 00:00:00,2013-03-02,2,R1
S0090032,2013-03-02 00:00:00,2013-03-16,5,R1
S0090032,2013-07-13 00:00:00,2013-07-27,5,R2
S0090032,2013-10-19 00:00:00,2013-11-16,27,R2
S0090032,2013-12-28 00:00:00,2014-01-11,2,R2
S0090032,2014-07-01 00:00:00,2014-07-12,5,R3
S0090032,2014-08-09 00:00:00,2014-08-23,5,R3
S0090032,2014-09-20 00:00:00,2014-10-18,2,R3
S0090032,2014-11-15 00:00:00,2014-12-09,27,R3
S0090032,2015-05-30 00:00:00,2015-07-01,2,R3
S0093270,2012-07-21 00:00:00,2012-08-18,2,R1
S0093270,2012-11-10 00:00:00,2012-11-24,5,R1
S0093270,2013-01-05 00:00:00,2013-01-19,5,R1
S0093270,2013-02-02 00:00:00,2013-03-02,2,R1
S0093270,2013-03-30 00:00:00,2013-04-27,22,R1
S0093270,2013-09-21 00:00:00,2013-10-19,2,R2
S0093270,2013-11-02 00:00:00,2013-11-16,5,R2
S0093270,2014-01-11 00:00:00,2014-02-08,27,R2
S0093270,2014-05-03 00:00:00,2014-05-17,5,R2
S0093270,2015-02-21 00:00:00,2015-03-07,5,R3
S0093271,2012-08-04 00:00:00,2012-08-18,5,R1
S0093271,2012-12-08 00:00:00,2013-01-05,2,R1
S0093271,2013-03-30 00:00:00,2013-04-27,2,R1
S0093271,2013-10-05 00:00:00,2013-10-19,5,R2
S0093271,2014-01-25 00:00:00,2014-02-08,5,R2
S0093271,2014-03-08 00:00:00,2014-04-05,27,R2
S0093271,2015-01-10 00:00:00,2015-02-07,27,R3
S0093271,2015-03-21 00:00:00,2015-04-04,5,R3
S0093272,2012-06-25 00:00:00,2012-07-21,22,R1
S0093272,2012-09-15 00:00:00,2012-10-13,2,R1
S0093272,2012-11-10 00:00:00,2012-12-08,2,R1
S0093272,2013-03-16 00:00:00,2013-03-30,5,R1
S0093272,2013-04-27 00:00:00,2013-05-25,2,R1
S0093272,2013-11-16 00:00:00,2013-12-28,27,R2
S0093272,2014-01-25 00:00:00,2014-02-08,5,R2
S0093272,2014-03-08 00:00:00,2014-03-22,5,R2
S0093272,2014-05-31 00:00:00,2014-07-01,2,R2
S0093272,2014-11-15 00:00:00,2014-12-09,27,R3
S0093272,2014-12-28 00:00:00,2015-01-10,5,R3
S0093272,2015-02-07 00:00:00,2015-03-07,2,R3
S0093273,2012-06-25 00:00:00,2012-07-21,2,R1
S0093273,2012-12-08 00:00:00,2013-01-05,2,R1
S0093273,2013-04-13 00:00:00,2013-04-27,5,R1
S0093273,2013-04-27 00:00:00,2013-05-25,22,R1
S0093273,2013-08-10 00:00:00,2013-08-24,5,R2
S0093273,2013-09-21 00:00:00,2013-10-19,27,R2
S0093273,2013-10-19 00:00:00,2013-11-02,5,R2
S0093273,2014-05-31 00:00:00,2014-07-01,2,R2
S0093273,2014-11-15 00:00:00,2014-11-29,5,R3
S0093273,2015-01-10 00:00:00,2015-02-07,27,R3
S0093274,2012-07-07 00:00:00,2012-07-21,5,R1
S0093274,2012-07-21 00:00:00,2012-08-18,2,R1
S0093274,2012-11-10 00:00:00,2012-12-08,2,R1
S0093274,2013-05-25 00:00:00,2013-06-25,2,R1
S0093274,2013-08-24 00:00:00,2013-09-21,27,R2
S0093274,2013-09-21 00:00:00,2013-10-05,5,R2
S0093274,2013-10-19 00:00:00,2013-11-16,2,R2
S0093274,2013-11-16 00:00:00,2013-12-28,22,R2
S0093274,2014-04-05 00:00:00,2014-04-19,5,R2
S0093274,2014-11-15 00:00:00,2014-12-09,27,R3
S0093274,2014-12-28 00:00:00,2015-01-10,2,R3
S0093274,2015-02-07 00:00:00,2015-03-07,2,R3
S0093275,2012-08-18 00:00:00,2012-09-15,2,R1
S0093275,2013-03-02 00:00:00,2013-03-30,2,R1
S0093275,2013-04-27 00:00:00,2013-05-11,5,R1
S0093275,2013-07-27 00:00:00,2013-08-24,27,R2
S0093275,2013-09-21 00:00:00,2013-10-19,2,R2
S0093275,2013-12-07 00:00:00,2013-12-28,5,R2
S0093275,2014-03-08 00:00:00,2014-04-05,22,R2
S0093275,2014-06-14 00:00:00,2014-07-01,5,R2
S0093275,2015-01-10 00:00:00,2015-01-24,5,R3
S0093275,2015-03-21 00:00:00,2015-04-04,5,R3
S0093278,2012-06-25 00:00:00,2012-07-21,2,R1
S0093278,2013-02-02 00:00:00,2013-03-02,2,R1
S0093278,2013-04-27 00:00:00,2013-05-25,2,R1
S0093278,2013-07-27 00:00:00,2013-08-24,22,R2
S0093278,2014-01-11 00:00:00,2014-02-08,27,R2
S0093278,2014-04-19 00:00:00,2014-05-03,5,R2
S0093278,2014-05-31 00:00:00,2014-07-01,2,R2
S0093278,2015-01-10 00:00:00,2015-02-07,27,R3
S0093278,2015-04-18 00:00:00,2015-05-02,5,R3
S0093278,2015-05-02 00:00:00,2015-05-30,2,R3
S0093280,2012-09-29 00:00:00,2012-10-13,5,R1
S0093280,2012-10-13 00:00:00,2012-11-10,2,R1
S0093280,2012-11-10 00:00:00,2012-12-08,22,R1
S0093280,2013-03-02 00:00:00,2013-03-30,2,R1
S0093280,2013-04-13 00:00:00,2013-04-27,5,R1
S0093280,2013-04-27 00:00:00,2013-05-25,2,R1
S0093280,2013-08-10 00:00:00,2013-08-24,5,R2
S0093280,2013-10-05 00:00:00,2013-10-19,5,R2
S0093280,2013-11-16 00:00:00,2013-12-28,27,R2
S0093280,2014-02-08 00:00:00,2014-03-08,2,R2
S0093280,2014-07-01 00:00:00,2014-07-26,27,R3
S0093280,2014-07-26 00:00:00,2014-08-09,5,R3
S0093280,2014-11-15 00:00:00,2014-12-09,2,R3
S0093280,2014-12-28 00:00:00,2015-01-10,2,R3
S0093281,2012-08-18 00:00:00,2012-09-15,22,R1
S0093281,2012-09-29 00:00:00,2012-10-13,5,R1
S0093281,2012-10-13 00:00:00,2012-11-10,2,R1
S0093281,2013-03-02 00:00:00,2013-03-30,2,R1
S0093281,2014-03-08 00:00:00,2014-04-05,27,R2
S0093281,2014-05-17 00:00:00,2014-05-31,5,R2
S0093283,2012-07-21 00:00:00,2012-08-18,2,R1
S0093283,2012-12-08 00:00:00,2013-01-05,22,R1
S0093283,2013-01-05 00:00:00,2013-01-19,5,R1
S0093283,2013-03-30 00:00:00,2013-04-27,2,R1
S0093283,2013-09-21 00:00:00,2013-10-05,5,R2
S0093283,2013-10-19 00:00:00,2013-11-16,2,R2
S0093283,2014-01-11 00:00:00,2014-02-08,27,R2
S0093283,2014-11-29 00:00:00,2014-12-09,5,R3
S0093283,2015-03-21 00:00:00,2015-04-04,5,R3
S0093284,2012-11-10 00:00:00,2012-12-08,2,R1
S0093284,2013-01-19 00:00:00,2013-02-02,5,R1
S0093284,2013-07-01 00:00:00,2013-07-13,5,R2
S0093284,2013-07-27 00:00:00,2013-08-24,27,R2
S0093284,2013-08-24 00:00:00,2013-09-21,2,R2
S0093284,2013-12-28 00:00:00,2014-01-11,22,R2
S0093284,2014-02-22 00:00:00,2014-03-08,5,R2
S0093284,2014-06-14 00:00:00,2014-07-01,5,R2
S0093284,2014-08-23 00:00:00,2014-09-20,2,R3
S0093284,2014-10-04 00:00:00,2014-10-18,5,R3
S0093284,2014-12-28 00:00:00,2015-01-10,5,R3
S0093284,2015-05-30 00:00:00,2015-07-01,27,R3
S0093285,2012-10-13 00:00:00,2012-11-10,2,R1
S0093285,2012-11-10 00:00:00,2012-11-24,5,R1
S0093285,2012-12-08 00:00:00,2013-01-05,2,R1
S0093285,2013-03-02 00:00:00,2013-03-16,5,R1
S0093285,2013-05-25 00:00:00,2013-06-25,2,R1
S0093285,2013-08-24 00:00:00,2013-09-21,27,R2
S0093285,2013-11-02 00:00:00,2013-11-16,5,R2
S0093285,2013-12-28 00:00:00,2014-01-11,5,R2
S0093285,2014-05-31 00:00:00,2014-07-01,2,R2
S0093285,2014-12-28 00:00:00,2015-01-10,27,R3
S0093286,2012-09-01 00:00:00,2012-09-15,5,R1
S0093286,2013-01-05 00:00:00,2013-02-02,2,R1
S0093286,2013-02-02 00:00:00,2013-03-02,22,R1
S0093286,2013-03-30 00:00:00,2013-04-27,2,R1
S0093286,2013-09-21 00:00:00,2013-10-19,27,R2
S0093286,2013-12-07 00:00:00,2013-12-28,5,R2
S0093286,2014-10-18 00:00:00,2014-11-01,5,R3
S0093286,2015-01-10 00:00:00,2015-02-07,2,R3
S0093286,2015-04-04 00:00:00,2015-05-02,2,R3
S0093286,2015-05-30 00:00:00,2015-06-13,5,R3
S0093287,2012-09-15 00:00:00,2012-10-13,2,R1
S0093287,2013-03-30 00:00:00,2013-04-27,2,R1
S0093287,2013-04-27 00:00:00,2013-05-25,22,R1
S0093287,2013-07-01 00:00:00,2013-07-27,27,R2
S0093287,2014-07-26 00:00:00,2014-08-23,2,R3
S0093287,2014-08-23 00:00:00,2014-09-06,5,R3
S0093287,2014-11-15 00:00:00,2014-12-09,22,R3
S0093287,2015-01-10 00:00:00,2015-01-24,5,R3
S0093288,2012-06-25 00:00:00,2012-07-21,2,R1
S0093288,2013-02-16 00:00:00,2013-03-02,5,R1
S0093288,2013-03-02 00:00:00,2013-03-30,2,R1
S0093288,2013-05-25 00:00:00,2013-06-25,22,R1
S0093289,2012-08-18 00:00:00,2012-09-15,2,R1
S0093289,2013-01-05 00:00:00,2013-02-02,22,R1
S0093289,2013-02-02 00:00:00,2013-03-02,2,R1
S0093289,2013-05-11 00:00:00,2013-05-25,5,R1
S0093289,2014-02-08 00:00:00,2014-02-22,5,R2
S0093289,2014-03-22 00:00:00,2014-04-05,5,R2
S0093289,2014-05-03 00:00:00,2014-05-31,27,R2
S0093289,2014-10-18 00:00:00,2014-11-15,2,R3
S0093289,2015-03-07 00:00:00,2015-03-21,5,R3
S0093290,2012-09-15 00:00:00,2012-10-13,22,R1
S0093290,2012-12-08 00:00:00,2013-01-05,2,R1
S0093290,2013-03-30 00:00:00,2013-04-13,5,R1
S0093290,2013-11-16 00:00:00,2013-12-28,27,R2
S0093290,2014-01-11 00:00:00,2014-01-25,5,R2
S0093290,2015-05-02 00:00:00,2015-05-30,27,R3
S0093291,2012-08-18 00:00:00,2012-09-15,2,R1
S0093291,2013-02-16 00:00:00,2013-03-02,5,R1
S0093291,2013-03-02 00:00:00,2013-03-30,2,R1
S0093291,2013-07-27 00:00:00,2013-08-24,27,R2
S0093291,2014-03-08 00:00:00,2014-03-22,5,R2
S0093291,2014-04-05 00:00:00,2014-05-03,2,R2
S0093291,2014-05-17 00:00:00,2014-05-31,5,R2
S0093291,2014-05-31 00:00:00,2014-07-01,22,R2
S0093291,2014-08-23 00:00:00,2014-09-06,5,R3
S0093291,2014-10-18 00:00:00,2014-11-01,5,R3
S0093292,2012-06-25 00:00:00,2012-07-21,2,R1
S0093292,2012-08-18 00:00:00,2012-09-01,5,R1
S0093292,2012-10-13 00:00:00,2012-11-10,2,R1
S0093292,2012-12-08 00:00:00,2012-12-22,5,R1
S0093292,2013-09-21 00:00:00,2013-10-19,2,R2
S0093292,2013-12-28 00:00:00,2014-01-11,5,R2
S0093292,2014-02-08 00:00:00,2014-03-08,22,R2
S0093292,2014-04-05 00:00:00,2014-05-03,2,R2
S0093292,2014-10-04 00:00:00,2014-10-18,5,R3
S0093292,2014-10-18 00:00:00,2014-11-15,27,R3
S0093292,2015-05-30 00:00:00,2015-06-13,5,R3
S0093293,2012-07-07 00:00:00,2012-07-21,5,R1
S0093293,2012-10-27 00:00:00,2012-11-10,5,R1
S0093293,2012-11-10 00:00:00,2012-12-08,2,R1
S0093293,2013-03-30 00:00:00,2013-04-27,2,R1
S0093293,2013-05-25 00:00:00,2013-06-25,22,R1
S0093293,2013-09-07 00:00:00,2013-09-21,5,R2
S0093293,2013-10-05 00:00:00,2013-10-19,5,R2
S0093293,2013-11-16 00:00:00,2013-12-28,27,R2
S0093293,2014-02-22 00:00:00,2014-03-08,5,R2
S0093293,2014-10-18 00:00:00,2014-11-01,5,R3
S0093293,2015-05-02 00:00:00,2015-05-30,2,R3
S0093295,2012-06-25 00:00:00,2012-07-21,2,R1
S0093295,2012-09-15 00:00:00,2012-10-13,2,R1
S0093295,2012-11-10 00:00:00,2012-12-08,22,R1
S0093295,2013-01-05 00:00:00,2013-02-02,2,R1
S0093295,2013-07-27 00:00:00,2013-08-24,2,R2
S0093295,2013-09-21 00:00:00,2013-10-19,27,R2
S0093295,2013-11-02 00:00:00,2013-11-16,5,R2
S0093295,2014-05-17 00:00:00,2014-05-31,5,R2
S0093295,2015-02-07 00:00:00,2015-02-21,5,R3
S0093295,2015-03-07 00:00:00,2015-04-04,27,R3
S0093295,2015-05-16 00:00:00,2015-05-30,5,R3
S0093296,2012-07-21 00:00:00,2012-08-18,2,R1
S0093296,2012-10-13 00:00:00,2012-10-27,5,R1
S0093296,2013-02-02 00:00:00,2013-02-16,5,R1
S0093296,2013-03-30 00:00:00,2013-04-27,2,R1
S0093296,2013-05-25 00:00:00,2013-06-25,2,R1
S0093296,2014-01-11 00:00:00,2014-02-08,27,R2
S0093296,2014-07-01 00:00:00,2014-07-26,22,R3
S0093296,2014-08-09 00:00:00,2014-08-23,5,R3
S0093296,2014-09-20 00:00:00,2014-10-18,2,R3
S0093296,2015-03-07 00:00:00,2015-04-04,2,R3
S0093296,2015-05-02 00:00:00,2015-05-30,27,R3
S0093383,2014-08-16 00:00:00,2014-09-13,2,R1
S0093383,2014-12-06 00:00:00,2015-01-03,2,R1
S0093383,2015-01-03 00:00:00,2015-01-17,5,R1
S0093383,2015-05-23 00:00:00,2015-06-06,5,R1
S0093383,2015-09-19 00:00:00,2015-10-17,27,R2
S0093383,2015-12-28 00:00:00,2016-01-09,5,R2
S0093383,2016-02-06 00:00:00,2016-03-05,2,R2
S0093383,2016-06-25 00:00:00,2016-07-16,27,R3
S0093383,2016-08-13 00:00:00,2016-08-27,5,R3
S0093383,2016-11-05 00:00:00,2016-12-03,2,R3
S0093383,2017-03-18 00:00:00,2017-04-01,5,R3
S0093383,2017-04-29 00:00:00,2017-05-27,22,R3
S0093399,2012-06-25 00:00:00,2012-07-21,2,R1
S0093399,2012-07-21 00:00:00,2012-08-04,5,R1
S0093399,2013-03-02 00:00:00,2013-03-30,22,R1
S0093399,2013-06-08 00:00:00,2013-06-25,5,R1
S0093399,2017-02-04 00:00:00,2017-03-04,2,R2
S0093399,2017-04-01 00:00:00,2017-04-29,27,R2
S0093696,2013-06-25 00:00:00,2013-07-20,2,R1
S0093696,2013-09-14 00:00:00,2013-09-28,5,R1
S0093696,2014-04-12 00:00:00,2014-04-26,5,R1
S0093696,2014-05-24 00:00:00,2014-06-25,2,R1
S0093696,2014-07-01 00:00:00,2014-07-26,2,R2
S0093696,2014-07-26 00:00:00,2014-08-23,27,R2
S0093696,2015-04-18 00:00:00,2015-05-02,5,R2
S0093696,2015-09-19 00:00:00,2015-10-17,27,R3
S0093834,2012-07-21 00:00:00,2012-08-18,22,R1
S0093834,2012-08-18 00:00:00,2012-09-15,2,R1
S0093834,2012-10-13 00:00:00,2012-10-27,5,R1
S0093834,2012-12-08 00:00:00,2013-01-05,2,R1
S0093835,2012-09-01 00:00:00,2012-09-15,5,R1
S0093835,2012-12-08 00:00:00,2013-01-05,2,R1
S0093835,2013-02-02 00:00:00,2013-03-02,22,R1
S0093835,2013-03-30 00:00:00,2013-04-13,5,R1
S0093835,2013-05-25 00:00:00,2013-06-25,2,R1
S0093837,2012-07-21 00:00:00,2012-08-18,22,R1
S0093837,2012-09-15 00:00:00,2012-10-13,2,R1
S0093837,2012-10-27 00:00:00,2012-11-10,5,R1
S0094241,2012-06-25 00:00:00,2012-07-21,2,R1
S0094241,2013-01-05 00:00:00,2013-02-02,2,R1
S0094241,2013-02-02 00:00:00,2013-03-02,2,R1
S0094241,2013-03-02 00:00:00,2013-03-30,22,R1
S0094249,2012-07-21 00:00:00,2012-08-18,2,R1
S0094249,2012-11-10 00:00:00,2012-12-08,2,R1
S0094249,2013-08-24 00:00:00,2013-09-21,27,R2
S0094249,2014-05-17 00:00:00,2014-05-31,5,R2
S0094249,2014-07-26 00:00:00,2014-08-23,27,R3
S0094249,2015-02-07 00:00:00,2015-02-21,5,R3
S0094535,2014-11-08 00:00:00,2014-11-22,5,R1
S0094535,2015-01-03 00:00:00,2015-01-31,2,R1
S0094535,2015-04-25 00:00:00,2015-05-23,2,R1
S0094535,2015-09-19 00:00:00,2015-10-17,27,R2
S0094535,2016-02-06 00:00:00,2016-02-20,5,R2
S0094535,2016-03-05 00:00:00,2016-04-02,22,R2
S0094535,2016-06-11 00:00:00,2016-06-25,5,R2
S0094535,2017-04-29 00:00:00,2017-05-27,2,R3
S0094959,2014-07-05 00:00:00,2014-07-19,5,R1
S0094959,2014-08-16 00:00:00,2014-09-13,22,R1
S0094959,2014-11-08 00:00:00,2014-12-06,2,R1
S0094959,2015-01-17 00:00:00,2015-01-24,2,R1
S0094959,2015-03-28 00:00:00,2015-04-25,2,R1
S0094959,2015-08-22 00:00:00,2015-09-19,27,R2
S0094959,2016-02-20 00:00:00,2016-03-05,5,R2
S0094959,2016-05-14 00:00:00,2016-05-28,5,R2
S0094959,2016-10-22 00:00:00,2016-11-05,5,R3
S0094959,2016-12-03 00:00:00,2016-12-28,2,R3
S0094959,2017-05-27 00:00:00,2017-06-25,27,R3
S0095763,2013-09-14 00:00:00,2013-10-12,2,R1
S0095763,2014-03-01 00:00:00,2014-03-29,2,R1
S0095763,2014-04-26 00:00:00,2014-05-24,2,R1
S0095763,2014-08-23 00:00:00,2014-09-20,27,R2
S0095763,2014-09-20 00:00:00,2014-10-04,5,R2
S0095763,2014-12-28 00:00:00,2015-01-10,5,R2
S0095763,2015-01-10 00:00:00,2015-02-07,22,R2
S0095763,2015-07-11 00:00:00,2015-07-25,5,R3
S0095763,2015-07-25 00:00:00,2015-08-22,27,R3
S0095763,2015-11-14 00:00:00,2015-12-08,2,R3
S0095763,2016-01-09 00:00:00,2016-01-23,5,R3
S0097446,2013-08-17 00:00:00,2013-09-14,2,R1
S0097446,2013-10-12 00:00:00,2013-10-26,5,R1
S0097446,2014-01-04 00:00:00,2014-02-01,2,R1
S0097446,2014-03-01 00:00:00,2014-03-29,22,R1
S0097446,2014-04-26 00:00:00,2014-05-24,2,R1
S0097446,2015-02-07 00:00:00,2015-03-07,27,R2
S0097446,2015-04-04 00:00:00,2015-05-02,2,R2
S0097446,2015-05-02 00:00:00,2015-05-16,5,R2
S0097446,2015-10-17 00:00:00,2015-10-31,5,R3
S0097446,2015-12-28 00:00:00,2016-01-09,27,R3
S0097446,2016-01-09 00:00:00,2016-02-06,2,R3
S0097446,2016-03-19 00:00:00,2016-04-02,5,R3
S0097446,2016-04-02 00:00:00,2016-04-30,2,R3
S0097499,2013-07-06 00:00:00,2013-07-20,5,R1
S0097499,2014-01-04 00:00:00,2014-02-01,2,R1
S0097499,2014-10-04 00:00:00,2014-10-18,5,R2
S0097499,2014-10-18 00:00:00,2014-11-15,2,R2
S0097499,2014-12-28 00:00:00,2015-01-10,27,R2
S0097499,2015-04-04 00:00:00,2015-04-18,5,R2
S0097499,2015-07-01 00:00:00,2015-07-25,2,R3
S0097499,2015-09-19 00:00:00,2015-10-03,5,R3
S0097499,2015-11-14 00:00:00,2015-12-08,27,R3
S0097898,2013-07-20 00:00:00,2013-08-03,5,R1
S0097898,2013-08-17 00:00:00,2013-09-14,22,R1
S0097898,2013-09-14 00:00:00,2013-10-12,2,R1
S0097898,2013-12-21 00:00:00,2014-01-04,5,R1
S0097898,2014-05-24 00:00:00,2014-06-25,2,R1
S0097898,2014-08-23 00:00:00,2014-09-20,27,R2
S0097898,2014-12-09 00:00:00,2014-12-28,5,R2
S0097898,2015-01-24 00:00:00,2015-02-07,5,R2
S0097898,2015-07-01 00:00:00,2015-07-11,5,R3
S0097898,2015-08-22 00:00:00,2015-09-05,27,R3
S0097898,2015-09-05 00:00:00,2015-09-19,5,R3
S0097898,2015-09-19 00:00:00,2015-10-03,27,R3
S0097898,2015-10-17 00:00:00,2015-11-14,2,R3
S0099116,2013-10-12 00:00:00,2013-11-09,2,R1
S0099116,2013-12-07 00:00:00,2014-01-04,2,R1
S0099116,2014-02-01 00:00:00,2014-03-01,2,R1
S0099116,2014-03-01 00:00:00,2014-03-29,2,R1
S0099116,2014-09-20 00:00:00,2014-10-18,27,R2
S0099116,2014-12-09 00:00:00,2014-12-28,5,R2
S0099116,2015-05-16 00:00:00,2015-05-30,5,R2
S0099116,2015-05-30 00:00:00,2015-07-01,2,R2
S0099116,2015-11-14 00:00:00,2015-12-08,27,R3
S0099116,2016-05-28 00:00:00,2016-06-11,5,R3
S0099127,2013-10-26 00:00:00,2013-11-09,5,R1
S0099127,2013-12-07 00:00:00,2014-01-04,2,R1
S0099127,2014-02-01 00:00:00,2014-02-15,5,R1
S0099127,2014-03-29 00:00:00,2014-04-26,2,R1
S0099127,2014-05-24 00:00:00,2014-06-25,2,R1
S0099127,2014-07-26 00:00:00,2014-08-23,2,R2
S0099127,2014-12-09 00:00:00,2014-12-28,5,R2
S0099127,2015-03-07 00:00:00,2015-04-04,27,R2
S0099127,2015-09-19 00:00:00,2015-10-17,2,R3
S0099127,2016-05-28 00:00:00,2016-06-25,27,R3
S0101041,2012-11-17 00:00:00,2012-12-08,5,R2
S0101041,2013-01-12 00:00:00,2013-01-26,5,R2
S0101041,2013-04-06 00:00:00,2013-04-20,5,R2
S0101041,2013-06-01 00:00:00,2013-07-01,2,R2
S0101041,2013-09-21 00:00:00,2013-10-05,5,R3
S0101041,2013-12-28 00:00:00,2014-01-11,2,R3
S0101041,2014-03-08 00:00:00,2014-04-05,27,R3
S0101041,2014-04-05 00:00:00,2014-04-19,5,R3
S0103307,2016-07-23 00:00:00,2016-08-06,5,R1
S0103307,2016-10-15 00:00:00,2016-11-12,2,R1
S0103307,2017-02-25 00:00:00,2017-03-25,22,R1
S0103323,2014-02-01 00:00:00,2014-03-01,22,R1
S0103323,2014-03-29 00:00:00,2014-04-12,5,R1
S0103323,2014-05-24 00:00:00,2014-06-25,2,R1
S0103323,2014-08-23 00:00:00,2014-09-20,27,R2
S0103323,2015-02-21 00:00:00,2015-03-07,5,R2
S0103323,2015-08-08 00:00:00,2015-08-22,5,R3
S0103323,2015-10-17 00:00:00,2015-10-31,5,R3
S0103323,2016-04-02 00:00:00,2016-04-30,27,R3
S0103461,2013-08-17 00:00:00,2013-09-14,2,R1
S0103461,2014-03-29 00:00:00,2014-04-26,22,R1
S0103461,2014-04-26 00:00:00,2014-05-24,2,R1
S0103470,2013-11-09 00:00:00,2013-12-07,2,R1
S0103470,2014-04-26 00:00:00,2014-05-24,22,R1
S0103487,2013-07-20 00:00:00,2013-08-17,2,R1
S0103487,2013-11-09 00:00:00,2013-11-23,5,R1
S0103487,2013-12-07 00:00:00,2014-01-04,2,R1
S0103487,2014-02-01 00:00:00,2014-03-01,2,R1
S0103487,2014-11-01 00:00:00,2014-11-15,5,R2
S0103487,2015-05-02 00:00:00,2015-05-30,27,R2
S0103487,2015-07-25 00:00:00,2015-08-08,5,R3
S0103487,2015-08-22 00:00:00,2015-09-19,22,R3
S0103487,2015-12-08 00:00:00,2015-12-28,27,R3
S0103487,2016-05-28 00:00:00,2016-06-11,5,R3
S0103495,2013-07-20 00:00:00,2013-08-17,22,R1
S0103495,2013-09-14 00:00:00,2013-10-12,2,R1
S0103501,2013-08-31 00:00:00,2013-09-14,5,R1
S0103501,2013-11-09 00:00:00,2013-12-07,2,R1
S0103501,2014-02-01 00:00:00,2014-02-15,5,R1
S0103501,2014-03-29 00:00:00,2014-04-26,2,R1
S0103501,2014-05-24 00:00:00,2014-06-25,22,R1
S0103506,2013-07-20 00:00:00,2013-08-17,2,R1
S0103506,2013-11-09 00:00:00,2013-12-07,2,R1
S0103506,2013-12-07 00:00:00,2013-12-21,5,R1
S0103506,2014-06-07 00:00:00,2014-06-25,5,R1
S0103506,2014-10-18 00:00:00,2014-11-15,27,R2
S0103506,2014-11-29 00:00:00,2014-12-09,5,R2
S0103506,2015-02-07 00:00:00,2015-03-07,22,R2
S0103506,2015-06-13 00:00:00,2015-07-01,5,R2
S0103506,2015-07-01 00:00:00,2015-07-11,5,R3
S0103506,2015-12-08 00:00:00,2015-12-28,27,R3
S0103506,2016-04-16 00:00:00,2016-04-30,5,R3
S0103510,2013-08-17 00:00:00,2013-09-14,2,R1
S0103510,2013-09-14 00:00:00,2013-10-12,22,R1
S0103510,2013-10-12 00:00:00,2013-11-09,2,R1
S0103510,2014-02-01 00:00:00,2014-03-01,2,R1
S0103510,2014-04-26 00:00:00,2014-05-10,5,R1
S0103514,2013-06-25 00:00:00,2013-07-20,22,R1
S0103514,2013-09-14 00:00:00,2013-10-12,2,R1
S0103514,2013-12-07 00:00:00,2014-01-04,2,R1
S0103514,2014-03-29 00:00:00,2014-04-26,2,R1
S0103514,2014-07-26 00:00:00,2014-08-23,2,R2
S0103514,2014-09-20 00:00:00,2014-10-18,27,R2
S0103514,2014-10-18 00:00:00,2014-11-15,22,R2
S0103514,2015-04-04 00:00:00,2015-04-18,5,R2
S0103514,2015-07-01 00:00:00,2015-07-25,27,R3
S0103514,2016-06-11 00:00:00,2016-06-25,5,R3
S0103527,2013-08-03 00:00:00,2013-08-17,5,R1
S0103527,2014-03-01 00:00:00,2014-03-29,2,R1
S0103527,2014-05-24 00:00:00,2014-06-25,2,R1
S0103527,2014-10-04 00:00:00,2014-10-18,5,R2
S0103527,2014-10-18 00:00:00,2014-11-15,2,R2
S0103527,2014-12-09 00:00:00,2014-12-28,22,R2
S0103527,2015-01-10 00:00:00,2015-02-07,27,R2
S0103527,2015-02-21 00:00:00,2015-03-07,5,R2
S0103527,2015-05-02 00:00:00,2015-05-30,2,R2
S0103527,2015-07-25 00:00:00,2015-08-08,5,R3
S0103527,2015-11-14 00:00:00,2015-12-08,27,R3
S0103527,2016-02-06 00:00:00,2016-02-20,5,R3
S0103527,2016-03-05 00:00:00,2016-04-02,2,R3
S0103527,2016-05-28 00:00:00,2016-06-25,22,R3
S0103538,2013-06-25 00:00:00,2013-07-20,2,R1
S0103538,2013-10-12 00:00:00,2013-11-09,2,R1
S0103538,2014-03-01 00:00:00,2014-03-15,5,R1
S0103538,2014-04-26 00:00:00,2014-05-24,2,R1
S0103538,2014-05-24 00:00:00,2014-06-25,2,R1
S0103538,2014-11-01 00:00:00,2014-11-15,5,R2
S0103538,2015-01-24 00:00:00,2015-02-07,5,R2
S0103538,2015-03-07 00:00:00,2015-04-04,27,R2
S0103538,2015-08-22 00:00:00,2015-09-05,5,R3
S0103538,2015-09-19 00:00:00,2015-10-17,2,R3
S0103538,2015-12-08 00:00:00,2015-12-28,27,R3
S0103543,2013-06-25 00:00:00,2013-07-20,2,R1
S0103543,2014-02-01 00:00:00,2014-03-01,22,R1
S0103543,2014-03-01 00:00:00,2014-03-29,2,R1
S0103543,2014-05-24 00:00:00,2014-06-25,2,R1
S0103553,2013-07-20 00:00:00,2013-08-17,2,R1
S0103553,2013-08-31 00:00:00,2013-09-14,5,R1
S0103553,2013-10-12 00:00:00,2013-11-09,2,R1
S0103553,2013-12-07 00:00:00,2014-01-04,22,R1
S0103553,2014-01-04 00:00:00,2014-01-18,5,R1
S0103553,2014-07-26 00:00:00,2014-08-23,27,R2
S0103553,2015-05-30 00:00:00,2015-06-13,5,R2
S0103553,2015-12-08 00:00:00,2015-12-28,2,R3
S0103553,2016-03-05 00:00:00,2016-04-02,27,R3
S0103569,2014-01-04 00:00:00,2014-02-01,2,R1
S0103569,2014-03-01 00:00:00,2014-03-29,2,R1
S0103569,2014-07-01 00:00:00,2014-07-12,5,R2
S0103569,2014-12-09 00:00:00,2014-12-28,2,R2
S0103569,2015-02-07 00:00:00,2015-03-07,27,R2
S0103569,2015-04-04 00:00:00,2015-05-02,22,R2
S0103569,2015-08-08 00:00:00,2015-08-22,5,R3
S0103569,2015-08-22 00:00:00,2015-09-19,2,R3
S0103569,2015-09-19 00:00:00,2015-10-17,27,R3
S0103573,2014-02-15 00:00:00,2014-03-01,5,R1
S0103573,2014-03-29 00:00:00,2014-04-26,2,R1
S0103573,2014-07-01 00:00:00,2014-07-26,2,R2
S0103573,2014-09-06 00:00:00,2014-09-20,5,R2
S0103573,2015-02-07 00:00:00,2015-03-07,27,R2
S0103573,2015-07-25 00:00:00,2015-08-22,27,R3
S0103573,2015-08-22 00:00:00,2015-09-19,2,R3
S0103573,2016-03-19 00:00:00,2016-04-02,5,R3
S0103573,2016-04-30 00:00:00,2016-05-28,2,R3
S0103577,2013-09-14 00:00:00,2013-09-28,5,R1
S0103577,2013-10-12 00:00:00,2013-11-09,22,R1
S0103577,2014-03-01 00:00:00,2014-03-15,5,R1
S0103577,2014-04-26 00:00:00,2014-05-24,2,R1
S0103586,2013-06-25 00:00:00,2013-07-20,2,R1
S0103586,2013-08-17 00:00:00,2013-09-14,22,R1
S0103586,2013-10-12 00:00:00,2013-11-09,2,R1
S0103586,2014-01-18 00:00:00,2014-02-01,5,R1
S0103586,2014-02-01 00:00:00,2014-03-01,2,R1
S0103587,2013-08-03 00:00:00,2013-08-17,5,R1
S0103587,2013-09-14 00:00:00,2013-10-12,2,R1
S0103587,2013-11-09 00:00:00,2013-11-23,5,R1
S0103587,2014-01-04 00:00:00,2014-02-01,22,R1
S0103587,2014-04-26 00:00:00,2014-05-24,2,R1
S0103587,2014-07-01 00:00:00,2014-07-26,2,R2
S0103587,2014-09-06 00:00:00,2014-09-20,5,R2
S0103587,2014-09-20 00:00:00,2014-10-18,22,R2
S0103587,2014-12-09 00:00:00,2014-12-28,2,R2
S0103587,2015-03-07 00:00:00,2015-03-21,5,R2
S0103587,2015-05-30 00:00:00,2015-07-01,27,R2
S0103587,2016-04-02 00:00:00,2016-04-30,27,R3
S0103591,2013-06-25 00:00:00,2013-07-20,22,R1
S0103591,2013-07-20 00:00:00,2013-08-17,2,R1
S0103591,2013-08-17 00:00:00,2013-08-31,5,R1
S0103591,2014-01-04 00:00:00,2014-02-01,2,R1
S0103591,2014-05-10 00:00:00,2014-05-24,5,R1
S0103591,2014-09-20 00:00:00,2014-10-18,27,R2
S0103591,2015-03-07 00:00:00,2015-04-04,2,R2
S0103591,2015-09-05 00:00:00,2015-09-19,5,R3
S0103591,2016-01-09 00:00:00,2016-02-06,27,R3
S0103591,2016-04-30 00:00:00,2016-05-28,2,R3
S0103593,2013-06-25 00:00:00,2013-07-20,2,R1
S0103593,2013-08-17 00:00:00,2013-09-14,2,R1
S0103593,2013-11-09 00:00:00,2013-12-07,22,R1
S0103593,2013-12-07 00:00:00,2014-01-04,2,R1
S0103593,2014-07-12 00:00:00,2014-07-26,5,R2
S0103593,2014-09-20 00:00:00,2014-10-04,5,R2
S0103593,2014-10-18 00:00:00,2014-11-15,27,R2
S0103593,2014-12-09 00:00:00,2014-12-28,2,R2
S0103593,2015-01-10 00:00:00,2015-01-24,5,R2
S0103593,2015-07-01 00:00:00,2015-07-25,2,R3
S0103593,2016-03-05 00:00:00,2016-04-02,27,R3
S0103593,2016-04-02 00:00:00,2016-04-16,5,R3
S0103603,2013-09-28 00:00:00,2013-10-12,5,R1
S0103603,2013-12-07 00:00:00,2014-01-04,2,R1
S0103603,2014-02-01 00:00:00,2014-03-01,2,R1
S0103603,2014-03-29 00:00:00,2014-04-12,5,R1
S0103603,2014-08-23 00:00:00,2014-09-06,5,R2
S0103603,2014-11-01 00:00:00,2014-11-15,5,R2
S0103603,2014-12-09 00:00:00,2014-12-28,2,R2
S0103603,2015-04-04 00:00:00,2015-05-02,27,R2
S0103603,2015-09-19 00:00:00,2015-10-17,2,R3
S0103603,2016-05-28 00:00:00,2016-06-25,27,R3
S0103607,2013-06-25 00:00:00,2013-07-20,2,R1
S0103607,2013-10-12 00:00:00,2013-11-09,22,R1
S0103607,2013-11-09 00:00:00,2013-12-07,2,R1
S0103607,2014-01-04 00:00:00,2014-02-01,2,R1
S0103607,2014-06-07 00:00:00,2014-06-25,5,R1
S0103607,2014-07-26 00:00:00,2014-08-09,5,R2
S0103607,2014-09-20 00:00:00,2014-10-18,27,R2
S0103607,2014-11-15 00:00:00,2014-12-09,2,R2
S0103607,2014-12-28 00:00:00,2015-01-10,2,R2
S0103607,2015-12-08 00:00:00,2015-12-28,27,R3
S0103614,2013-09-28 00:00:00,2013-10-12,5,R1
S0103614,2013-11-09 00:00:00,2013-12-07,2,R1
S0103614,2013-12-07 00:00:00,2013-12-21,5,R1
S0103614,2014-01-04 00:00:00,2014-02-01,2,R1
S0103614,2014-04-26 00:00:00,2014-05-24,2,R1
S0103614,2014-07-01 00:00:00,2014-07-26,27,R2
S0103614,2014-08-23 00:00:00,2014-09-20,22,R2
S0103614,2015-02-21 00:00:00,2015-03-07,5,R2
S0103614,2015-05-02 00:00:00,2015-05-16,5,R2
S0103614,2015-07-01 00:00:00,2015-07-25,27,R3
S0103614,2015-12-28 00:00:00,2016-01-09,2,R3
S0103620,2013-06-25 00:00:00,2013-07-06,5,R1
S0103620,2013-10-26 00:00:00,2013-11-09,5,R1
S0103620,2013-11-09 00:00:00,2013-12-07,2,R1
S0103620,2014-01-04 00:00:00,2014-02-01,2,R1
S0103620,2014-07-01 00:00:00,2014-07-26,27,R2
S0103620,2014-12-09 00:00:00,2014-12-28,5,R2
S0103620,2015-05-30 00:00:00,2015-07-01,22,R2
S0103620,2015-12-28 00:00:00,2016-01-09,5,R3
S0103629,2013-09-14 00:00:00,2013-10-12,2,R1
S0103629,2013-12-07 00:00:00,2014-01-04,2,R1
S0103629,2014-04-26 00:00:00,2014-05-24,22,R1
S0103644,2013-06-25 00:00:00,2013-07-20,2,R1
S0103644,2013-08-17 00:00:00,2013-08-31,5,R1
S0103644,2013-10-12 00:00:00,2013-11-09,2,R1
S0103644,2014-03-01 00:00:00,2014-03-29,2,R1
S0103644,2014-05-24 00:00:00,2014-06-07,5,R1
S0103644,2014-09-20 00:00:00,2014-10-18,2,R2
S0103644,2014-11-15 00:00:00,2014-12-09,5,R2
S0103644,2015-02-07 00:00:00,2015-03-07,27,R2
S0103644,2015-04-18 00:00:00,2015-05-02,5,R2
S0103644,2015-07-01 00:00:00,2015-07-25,22,R3
S0103644,2015-08-22 00:00:00,2015-09-05,5,R3
S0103644,2016-02-06 00:00:00,2016-03-05,27,R3
S0103644,2016-05-14 00:00:00,2016-05-28,5,R3
S0103644,2016-05-28 00:00:00,2016-06-25,2,R3
S0103648,2013-07-06 00:00:00,2013-07-20,5,R1
S0103648,2013-09-14 00:00:00,2013-10-12,2,R1
S0103648,2014-02-01 00:00:00,2014-03-01,2,R1
S0103648,2014-03-29 00:00:00,2014-04-26,2,R1
S0103648,2014-05-24 00:00:00,2014-06-07,5,R1
S0103648,2014-08-09 00:00:00,2014-08-23,5,R2
S0103648,2014-12-09 00:00:00,2014-12-28,27,R2
S0103648,2015-02-07 00:00:00,2015-03-07,2,R2
S0103648,2015-05-16 00:00:00,2015-05-30,5,R2
S0103648,2015-05-30 00:00:00,2015-07-01,2,R2
S0103648,2015-12-28 00:00:00,2016-01-09,27,R3
S0103648,2016-05-28 00:00:00,2016-06-11,5,R3
S0103653,2013-08-17 00:00:00,2013-09-14,2,R1
S0103653,2013-11-09 00:00:00,2013-12-07,22,R1
S0103653,2014-02-01 00:00:00,2014-03-01,2,R1
S0103653,2014-03-29 00:00:00,2014-04-26,2,R1
S0103653,2014-09-20 00:00:00,2014-10-18,2,R2
S0103653,2015-04-18 00:00:00,2015-05-02,5,R2
S0103653,2015-05-02 00:00:00,2015-05-30,27,R2
S0103653,2015-06-13 00:00:00,2015-07-01,5,R2
S0103653,2015-07-25 00:00:00,2015-08-22,2,R3
S0103653,2016-04-30 00:00:00,2016-05-28,27,R3
S0103655,2013-06-25 00:00:00,2013-07-06,5,R1
S0103655,2013-11-09 00:00:00,2013-12-07,2,R1
S0103655,2013-12-07 00:00:00,2014-01-04,22,R1
S0103655,2014-01-04 00:00:00,2014-01-18,5,R1
S0103655,2014-03-29 00:00:00,2014-04-26,2,R1
S0103655,2014-09-20 00:00:00,2014-10-04,5,R2
S0103655,2014-12-09 00:00:00,2014-12-28,27,R2
S0103655,2015-01-10 00:00:00,2015-02-07,2,R2
S0103655,2015-03-07 00:00:00,2015-03-21,5,R2
S0103655,2015-04-04 00:00:00,2015-05-02,2,R2
S0103655,2015-06-13 00:00:00,2015-07-01,5,R2
S0103655,2015-10-17 00:00:00,2015-10-31,5,R3
S0103655,2015-12-08 00:00:00,2015-12-28,27,R3
S0103656,2013-07-20 00:00:00,2013-08-03,5,R1
S0103656,2013-10-12 00:00:00,2013-11-09,2,R1
S0103656,2013-11-23 00:00:00,2013-12-07,5,R1
S0103656,2014-01-04 00:00:00,2014-02-01,22,R1
S0103658,2013-08-17 00:00:00,2013-09-14,2,R1
S0103658,2014-03-29 00:00:00,2014-04-26,22,R1
S0103658,2014-05-24 00:00:00,2014-06-25,2,R1
S0103658,2014-08-23 00:00:00,2014-09-06,5,R2
S0103658,2015-03-07 00:00:00,2015-04-04,2,R2
S0103658,2015-04-04 00:00:00,2015-05-02,27,R2
S0103658,2015-07-25 00:00:00,2015-08-22,27,R3
S0103658,2015-08-22 00:00:00,2015-09-05,5,R3
S0103658,2016-02-20 00:00:00,2016-03-05,5,R3
S0103662,2013-07-20 00:00:00,2013-08-17,2,R1
S0103662,2013-12-07 00:00:00,2014-01-04,2,R1
S0103662,2014-03-15 00:00:00,2014-03-29,5,R1
S0103662,2014-05-24 00:00:00,2014-06-25,22,R1
S0103662,2014-07-12 00:00:00,2014-07-26,5,R2
S0103662,2015-05-30 00:00:00,2015-07-01,27,R2
S0103662,2015-07-25 00:00:00,2015-08-22,27,R3
S0103662,2016-04-30 00:00:00,2016-05-28,2,R3
S0103662,2016-06-11 00:00:00,2016-06-25,5,R3
S0103694,2013-07-20 00:00:00,2013-08-17,2,R1
S0103694,2014-02-01 00:00:00,2014-03-01,2,R1
S0103694,2014-03-15 00:00:00,2014-03-29,5,R1
S0103694,2014-07-26 00:00:00,2014-08-09,5,R2
S0103694,2014-10-18 00:00:00,2014-11-15,2,R2
S0103694,2014-12-28 00:00:00,2015-01-10,27,R2
S0103694,2015-03-21 00:00:00,2015-04-04,5,R2
S0103694,2015-05-02 00:00:00,2015-05-16,5,R2
S0103694,2015-07-25 00:00:00,2015-08-22,2,R3
S0103694,2016-01-23 00:00:00,2016-02-06,5,R3
S0103694,2016-04-16 00:00:00,2016-04-30,5,R3
S0103694,2016-04-30 00:00:00,2016-05-28,27,R3
S0104644,2016-11-12 00:00:00,2016-12-10,2,R1
S0104644,2017-01-28 00:00:00,2017-02-25,2,R1
S0104644,2017-03-25 00:00:00,2017-04-08,5,R1
S0104644,2017-04-22 00:00:00,2017-05-20,2,R1
S0104669,2015-06-25 00:00:00,2015-07-18,2,R1
S0104669,2015-08-01 00:00:00,2015-08-15,5,R1
S0104669,2015-08-15 00:00:00,2015-09-12,22,R1
S0104669,2015-09-12 00:00:00,2015-09-26,5,R1
S0104669,2016-01-30 00:00:00,2016-02-27,2,R1
S0105685,2013-08-17 00:00:00,2013-09-14,2,R1
S0105685,2014-01-04 00:00:00,2014-02-01,2,R1
S0105685,2014-04-12 00:00:00,2014-04-26,5,R1
S0105685,2014-07-26 00:00:00,2014-08-09,5,R2
S0105685,2014-08-23 00:00:00,2014-09-20,2,R2
S0105685,2014-12-09 00:00:00,2014-12-28,27,R2
S0106952,2014-09-13 00:00:00,2014-10-11,2,R1
S0106952,2014-12-06 00:00:00,2014-12-20,5,R1
S0106952,2015-01-03 00:00:00,2015-01-31,2,R1
S0106952,2015-03-28 00:00:00,2015-04-25,2,R1
S0106952,2015-07-11 00:00:00,2015-07-25,5,R2
S0106952,2015-09-19 00:00:00,2015-10-17,2,R2
S0106952,2015-10-17 00:00:00,2015-11-14,27,R2
S0106952,2016-06-11 00:00:00,2016-06-25,5,R2
S0106952,2016-07-16 00:00:00,2016-07-30,5,R3
S0106952,2016-09-10 00:00:00,2016-10-08,22,R3
S0106952,2016-12-28 00:00:00,2017-01-07,27,R3
S0106952,2017-03-04 00:00:00,2017-04-01,2,R3
S0107887,2012-07-28 00:00:00,2012-08-11,5,R2
S0107887,2012-10-06 00:00:00,2012-10-20,5,R2
S0107887,2012-10-20 00:00:00,2012-11-17,27,R2
S0107887,2013-01-12 00:00:00,2013-02-09,2,R2
S0107887,2013-04-06 00:00:00,2013-05-04,22,R2
S0107887,2013-05-04 00:00:00,2013-06-01,2,R2
S0107887,2013-06-01 00:00:00,2013-07-01,2,R2
S0107887,2013-12-28 00:00:00,2014-01-11,27,R3
S0107887,2014-02-08 00:00:00,2014-03-08,2,R3
S0107887,2014-03-08 00:00:00,2014-03-22,5,R3
S0108268,2014-06-25 00:00:00,2014-07-19,2,R1
S0108268,2014-08-16 00:00:00,2014-08-30,5,R1
S0108268,2014-09-13 00:00:00,2014-10-11,2,R1
S0108268,2014-12-06 00:00:00,2015-01-03,2,R1
S0108268,2015-11-14 00:00:00,2015-12-08,5,R2
S0108268,2016-01-09 00:00:00,2016-02-06,27,R2
S0108268,2016-04-30 00:00:00,2016-05-14,5,R2
S0108268,2016-07-16 00:00:00,2016-08-13,27,R3
S0108268,2016-12-28 00:00:00,2017-01-07,22,R3
S0108268,2017-01-07 00:00:00,2017-01-21,5,R3
S0108268,2017-02-04 00:00:00,2017-03-04,2,R3
S0108287,2014-07-19 00:00:00,2014-08-16,2,R1
S0108287,2015-01-31 00:00:00,2015-02-28,2,R1
S0108287,2015-02-28 00:00:00,2015-03-28,22,R1
S0108287,2015-06-06 00:00:00,2015-06-25,5,R1
S0108287,2015-12-28 00:00:00,2016-01-09,27,R2
S0108287,2016-01-23 00:00:00,2016-02-06,5,R2
S0108287,2016-04-30 00:00:00,2016-05-28,2,R2
S0108287,2016-10-08 00:00:00,2016-10-22,5,R3
S0108287,2016-11-05 00:00:00,2016-12-03,27,R3
S0108287,2017-04-01 00:00:00,2017-04-15,5,R3
S0109179,2014-07-19 00:00:00,2014-08-02,5,R1
S0109179,2014-08-16 00:00:00,2014-09-13,2,R1
S0109179,2014-12-06 00:00:00,2015-01-03,2,R1
S0109179,2015-01-03 00:00:00,2015-01-31,22,R1
S0109179,2015-07-11 00:00:00,2015-07-25,5,R2
S0109179,2015-10-17 00:00:00,2015-11-14,22,R2
S0109179,2016-01-09 00:00:00,2016-02-06,2,R2
S0109179,2016-02-06 00:00:00,2016-03-05,27,R2
S0109179,2016-05-14 00:00:00,2016-05-28,5,R2
S0109179,2016-07-16 00:00:00,2016-08-13,2,R3
S0109179,2017-01-07 00:00:00,2017-01-21,5,R3
S0163410,2017-01-07 00:00:00,2017-02-04,22,R3
S0163410,2017-04-01 00:00:00,2017-04-15,5,R3
S0163425,2014-08-02 00:00:00,2014-08-16,5,R1
S0163425,2014-09-13 00:00:00,2014-10-11,2,R1
S0163425,2015-01-31 00:00:00,2015-02-14,5,R1
S0163425,2015-02-28 00:00:00,2015-03-28,2,R1
S0163425,2015-05-23 00:00:00,2015-06-25,2,R1
S0163425,2015-08-22 00:00:00,2015-09-19,27,R2
S0163425,2015-10-17 00:00:00,2015-10-31,5,R2
S0163425,2015-12-08 00:00:00,2015-12-28,5,R2
S0163425,2016-12-03 00:00:00,2016-12-28,2,R3
S0163425,2017-04-01 00:00:00,2017-04-29,22,R3
S0163425,2017-04-29 00:00:00,2017-05-13,5,R3
S0163662,2014-08-16 00:00:00,2014-09-13,2,R1
S0163662,2015-01-31 00:00:00,2015-02-28,22,R1
S0163662,2015-02-28 00:00:00,2015-03-28,2,R1
S0163662,2015-05-23 00:00:00,2015-06-25,2,R1
S0163662,2015-08-08 00:00:00,2015-08-22,5,R2
S0163662,2015-12-28 00:00:00,2016-01-09,2,R2
S0163662,2016-04-30 00:00:00,2016-05-28,27,R2
S0163662,2016-07-30 00:00:00,2016-08-13,5,R3
S0163662,2016-12-03 00:00:00,2016-12-15,5,R3
S0163662,2017-04-29 00:00:00,2017-05-27,27,R3
S0164907,2014-07-19 00:00:00,2014-08-16,22,R1
S0164907,2014-08-30 00:00:00,2014-09-13,5,R1
S0164907,2015-02-28 00:00:00,2015-03-28,2,R1
S0169283,2014-06-25 00:00:00,2014-07-19,2,R1
S0169283,2014-10-11 00:00:00,2014-11-08,22,R1
S0169283,2015-01-31 00:00:00,2015-02-28,2,R1
S0169284,2015-01-17 00:00:00,2015-01-31,5,R1
S0169284,2015-01-31 00:00:00,2015-02-28,2,R1
S0169284,2015-03-28 00:00:00,2015-04-25,22,R1
S0169284,2015-05-23 00:00:00,2015-06-25,2,R1
S0169284,2016-10-08 00:00:00,2016-11-05,2,R3
S0169284,2016-12-28 00:00:00,2017-01-07,5,R3
S0169285,2014-07-19 00:00:00,2014-08-16,22,R1
S0169285,2014-10-25 00:00:00,2014-11-08,5,R1
S0169285,2014-11-08 00:00:00,2014-12-06,2,R1
S0169285,2015-01-03 00:00:00,2015-01-17,5,R1
S0169286,2014-08-16 00:00:00,2014-08-30,5,R1
S0169286,2014-11-08 00:00:00,2014-12-06,22,R1
S0169286,2015-01-03 00:00:00,2015-01-31,2,R1
S0169286,2015-03-28 00:00:00,2015-04-25,2,R1
S0169287,2014-07-19 00:00:00,2014-08-02,5,R1
S0169287,2014-10-11 00:00:00,2014-11-08,2,R1
S0169287,2015-01-31 00:00:00,2015-02-28,22,R1
S0169287,2015-03-28 00:00:00,2015-04-11,5,R1
S0169288,2014-10-11 00:00:00,2014-11-08,22,R1
S0169288,2014-11-08 00:00:00,2014-12-06,2,R1
S0169288,2015-01-31 00:00:00,2015-02-28,2,R1
S0169288,2015-03-14 00:00:00,2015-03-28,5,R1
S0169289,2014-08-16 00:00:00,2014-09-13,2,R1
S0169289,2014-09-27 00:00:00,2014-10-11,5,R1
S0169289,2014-11-08 00:00:00,2014-12-06,2,R1
S0169289,2014-12-20 00:00:00,2015-01-03,5,R1
S0169289,2015-03-28 00:00:00,2015-04-25,2,R1
S0169289,2015-04-25 00:00:00,2015-05-23,22,R1
S0169380,2014-09-27 00:00:00,2014-10-11,5,R1
S0169380,2014-10-11 00:00:00,2014-11-08,2,R1
S0169380,2014-12-06 00:00:00,2015-01-03,22,R1
S0169380,2015-01-31 00:00:00,2015-02-28,2,R1
S0169380,2015-05-09 00:00:00,2015-05-23,5,R1
S0169381,2014-08-02 00:00:00,2014-08-16,5,R1
S0169381,2014-08-16 00:00:00,2014-09-13,2,R1
S0169381,2014-10-11 00:00:00,2014-11-08,2,R1
S0169381,2015-01-17 00:00:00,2015-01-31,5,R1
S0169381,2015-10-31 00:00:00,2015-11-14,5,R2
S0169381,2016-01-09 00:00:00,2016-02-06,27,R2
S0169381,2016-03-05 00:00:00,2016-03-19,5,R2
S0169381,2016-04-02 00:00:00,2016-04-30,2,R2
S0169381,2016-07-16 00:00:00,2016-07-30,5,R3
S0169381,2016-12-03 00:00:00,2016-12-28,22,R3
S0169381,2017-01-21 00:00:00,2017-02-04,5,R3
S0169381,2017-04-29 00:00:00,2017-05-27,2,R3
S0169381,2017-05-27 00:00:00,2017-06-10,5,R3
S0169382,2014-06-25 00:00:00,2014-07-19,2,R1
S0169382,2014-11-08 00:00:00,2014-12-06,2,R1
S0169382,2015-04-25 00:00:00,2015-05-09,5,R1
S0169383,2015-01-03 00:00:00,2015-01-31,2,R1
S0169383,2015-02-28 00:00:00,2015-03-28,22,R1
S0169383,2015-04-25 00:00:00,2015-05-23,2,R1
S0169383,2015-07-01 00:00:00,2015-07-11,5,R2
S0169383,2015-10-17 00:00:00,2015-11-14,27,R2
S0169383,2016-06-25 00:00:00,2016-07-16,2,R3
S0169383,2016-12-03 00:00:00,2016-12-15,5,R3
S0169383,2017-05-13 00:00:00,2017-05-27,5,R3
S0169384,2014-07-19 00:00:00,2014-08-16,2,R1
S0169384,2014-09-13 00:00:00,2014-10-11,22,R1
S0169384,2015-01-31 00:00:00,2015-02-28,2,R1
S0169384,2015-04-11 00:00:00,2015-04-25,5,R1
S0169384,2015-08-22 00:00:00,2015-09-19,27,R2
S0169384,2015-10-03 00:00:00,2015-10-17,5,R2
S0169384,2016-01-09 00:00:00,2016-01-23,5,R2
S0169384,2016-05-28 00:00:00,2016-06-25,2,R2
S0169384,2016-06-25 00:00:00,2016-07-16,2,R3
S0169384,2016-10-22 00:00:00,2016-11-05,5,R3
S0169384,2017-01-07 00:00:00,2017-02-04,2,R3
S0169384,2017-03-18 00:00:00,2017-04-01,5,R3
S0169385,2014-10-11 00:00:00,2014-11-08,2,R1
S0169385,2015-04-25 00:00:00,2015-05-23,2,R1
S0169385,2015-09-05 00:00:00,2015-09-19,5,R2
S0169385,2015-12-08 00:00:00,2015-12-28,2,R2
S0169385,2016-01-09 00:00:00,2016-02-06,27,R2
S0169385,2016-02-20 00:00:00,2016-03-05,5,R2
S0169385,2016-08-13 00:00:00,2016-08-27,5,R3
S0169385,2016-11-05 00:00:00,2016-12-03,22,R3
S0169385,2016-12-03 00:00:00,2016-12-15,5,R3
S0169385,2017-04-15 00:00:00,2017-04-29,5,R3
S0169386,2014-06-25 00:00:00,2014-07-19,2,R1
S0169386,2014-12-06 00:00:00,2015-01-03,2,R1
S0169386,2015-03-14 00:00:00,2015-03-28,5,R1
S0169386,2015-10-03 00:00:00,2015-10-17,5,R2
S0169386,2016-02-20 00:00:00,2016-03-05,5,R2
S0169386,2016-04-02 00:00:00,2016-04-16,5,R2
S0169386,2016-06-25 00:00:00,2016-07-16,27,R3
S0169386,2016-11-19 00:00:00,2016-12-03,5,R3
S0169386,2017-03-04 00:00:00,2017-04-01,22,R3
S0169386,2017-04-29 00:00:00,2017-05-13,5,R3
S0169387,2014-07-19 00:00:00,2014-08-16,2,R1
S0169387,2014-10-11 00:00:00,2014-10-25,5,R1
S0169387,2015-05-23 00:00:00,2015-06-25,2,R1
S0169387,2015-07-01 00:00:00,2015-07-25,2,R2
S0169387,2015-11-14 00:00:00,2015-12-08,5,R2
S0169387,2015-12-28 00:00:00,2016-01-09,2,R2
S0169387,2016-02-06 00:00:00,2016-02-20,5,R2
S0169387,2016-03-05 00:00:00,2016-04-02,2,R2
S0169387,2016-04-02 00:00:00,2016-04-30,27,R2
S0169387,2016-04-30 00:00:00,2016-05-28,22,R2
S0169388,2014-10-11 00:00:00,2014-11-08,2,R1
S0169388,2015-02-28 00:00:00,2015-03-28,2,R1
S0169388,2015-07-01 00:00:00,2015-07-11,5,R2
S0169388,2015-09-05 00:00:00,2015-09-19,27,R2
S0169388,2015-10-03 00:00:00,2015-10-17,27,R2
S0169388,2015-12-08 00:00:00,2015-12-28,22,R2
S0169388,2016-01-23 00:00:00,2016-02-06,5,R2
S0169389,2014-06-25 00:00:00,2014-07-05,5,R1
S0169389,2014-07-19 00:00:00,2014-08-16,2,R1
S0169389,2014-09-13 00:00:00,2014-10-11,22,R1
S0169389,2014-10-11 00:00:00,2014-11-08,2,R1
S0169389,2014-11-08 00:00:00,2014-11-22,5,R1
S0169389,2015-07-01 00:00:00,2015-07-25,27,R2
S0169389,2015-11-14 00:00:00,2015-12-08,2,R2
S0169389,2016-03-05 00:00:00,2016-03-19,5,R2
S0169389,2016-12-28 00:00:00,2017-01-07,5,R3
S0169389,2017-02-04 00:00:00,2017-03-04,27,R3
S0169390,2014-12-20 00:00:00,2015-01-03,5,R1
S0169390,2015-01-03 00:00:00,2015-01-31,2,R1
S0169390,2015-05-23 00:00:00,2015-06-25,2,R1
S0169390,2015-07-25 00:00:00,2015-08-22,22,R2
S0169390,2015-10-17 00:00:00,2015-11-14,27,R2
S0169390,2015-11-14 00:00:00,2015-12-08,2,R2
S0169390,2016-04-02 00:00:00,2016-04-16,5,R2
S0169390,2016-05-28 00:00:00,2016-06-11,5,R2
S0169390,2016-07-16 00:00:00,2016-08-13,2,R3
S0169390,2017-02-04 00:00:00,2017-03-04,2,R3
S0169394,2014-07-19 00:00:00,2014-08-16,2,R1
S0169394,2014-09-13 00:00:00,2014-09-27,5,R1
S0169394,2014-10-25 00:00:00,2014-11-08,5,R1
S0169394,2015-04-25 00:00:00,2015-05-23,2,R1
S0169394,2015-10-31 00:00:00,2015-11-14,5,R2
S0169394,2015-11-14 00:00:00,2015-12-08,27,R2
S0169394,2016-02-06 00:00:00,2016-03-05,2,R2
S0169394,2016-04-02 00:00:00,2016-04-16,5,R2
S0169394,2016-04-30 00:00:00,2016-05-28,27,R2
S0169394,2016-07-16 00:00:00,2016-08-13,22,R3
S0169394,2017-01-07 00:00:00,2017-02-04,2,R3
S0169395,2014-10-11 00:00:00,2014-11-08,2,R1
S0169395,2014-11-08 00:00:00,2014-12-06,22,R1
S0169395,2015-03-28 00:00:00,2015-04-11,5,R1
S0169395,2015-05-23 00:00:00,2015-06-25,2,R1
S0169395,2015-10-17 00:00:00,2015-11-14,27,R2
S0169395,2015-12-28 00:00:00,2016-01-09,22,R2
S0169395,2016-03-05 00:00:00,2016-03-19,5,R2
S0169395,2017-03-04 00:00:00,2017-03-18,5,R3
S0169395,2017-05-27 00:00:00,2017-06-25,27,R3
S0169397,2016-11-05 00:00:00,2016-12-03,2,R3
S0169397,2016-12-28 00:00:00,2017-01-07,27,R3
S0169397,2017-05-27 00:00:00,2017-06-25,22,R3
S0169398,2014-08-16 00:00:00,2014-09-13,2,R1
S0169398,2015-01-03 00:00:00,2015-01-31,2,R1
S0169398,2015-01-31 00:00:00,2015-02-14,5,R1
S0169398,2015-03-28 00:00:00,2015-04-25,22,R1
S0169398,2015-05-23 00:00:00,2015-06-06,5,R1
S0169398,2015-08-22 00:00:00,2015-09-05,5,R2
S0169398,2015-12-08 00:00:00,2015-12-28,5,R2
S0169398,2016-03-05 00:00:00,2016-04-02,2,R2
S0169398,2016-04-02 00:00:00,2016-04-30,27,R2
S0169398,2016-10-08 00:00:00,2016-10-22,5,R3
S0169398,2017-05-27 00:00:00,2017-06-25,27,R3
S0169399,2014-06-25 00:00:00,2014-07-19,2,R1
S0169399,2014-12-06 00:00:00,2015-01-03,2,R1
S0169399,2015-03-28 00:00:00,2015-04-25,2,R1
S0169399,2015-04-25 00:00:00,2015-05-23,22,R1
S0169399,2015-06-06 00:00:00,2015-06-25,5,R1
S0169399,2015-09-19 00:00:00,2015-10-03,5,R2
S0169399,2015-10-17 00:00:00,2015-11-14,2,R2
S0169399,2016-01-09 00:00:00,2016-02-06,2,R2
S0169399,2016-02-06 00:00:00,2016-03-05,27,R2
S0169399,2016-04-30 00:00:00,2016-05-14,5,R2
S0169399,2016-05-28 00:00:00,2016-06-25,2,R2
S0169399,2016-12-28 00:00:00,2017-01-07,2,R3
S0169399,2017-04-01 00:00:00,2017-04-29,27,R3
S0169400,2014-07-05 00:00:00,2014-07-19,5,R1
S0169400,2014-11-08 00:00:00,2014-12-06,2,R1
S0169400,2015-02-28 00:00:00,2015-03-14,5,R1
S0169400,2015-04-25 00:00:00,2015-05-23,2,R1
S0169400,2015-07-01 00:00:00,2015-07-25,27,R2
S0169400,2015-08-22 00:00:00,2015-09-19,2,R2
S0169400,2015-09-19 00:00:00,2015-10-17,22,R2
S0169400,2015-10-31 00:00:00,2015-11-14,5,R2
S0169400,2016-06-25 00:00:00,2016-07-16,27,R3
S0169400,2016-12-28 00:00:00,2017-01-07,2,R3
S0169400,2017-03-04 00:00:00,2017-03-18,5,R3
S0169401,2014-08-16 00:00:00,2014-09-13,22,R1
S0169401,2014-09-13 00:00:00,2014-10-11,2,R1
S0169401,2014-10-11 00:00:00,2014-10-25,5,R1
S0169401,2015-02-28 00:00:00,2015-03-28,2,R1
S0169401,2015-08-08 00:00:00,2015-08-22,5,R2
S0169401,2015-10-31 00:00:00,2015-11-14,5,R2
S0169401,2015-12-08 00:00:00,2015-12-28,2,R2
S0169401,2016-01-09 00:00:00,2016-02-06,2,R2
S0169401,2016-03-05 00:00:00,2016-04-02,27,R2
S0169401,2017-01-07 00:00:00,2017-01-21,5,R3
S0169401,2017-03-04 00:00:00,2017-04-01,2,R3
S0169402,2014-06-25 00:00:00,2014-07-19,22,R1
S0169402,2014-11-08 00:00:00,2014-12-06,2,R1
S0169402,2015-01-31 00:00:00,2015-02-28,2,R1
S0169402,2015-07-01 00:00:00,2015-07-25,27,R2
S0169402,2016-03-19 00:00:00,2016-04-02,5,R2
S0169402,2016-04-16 00:00:00,2016-04-30,5,R2
S0169402,2016-06-25 00:00:00,2016-07-16,2,R3
S0169402,2016-08-27 00:00:00,2016-09-10,5,R3
S0169402,2016-12-28 00:00:00,2017-01-07,27,R3
S0169402,2017-04-01 00:00:00,2017-04-29,2,R3
S0169403,2014-06-25 00:00:00,2014-07-05,5,R1
S0169403,2014-08-16 00:00:00,2014-09-13,2,R1
S0169403,2015-03-28 00:00:00,2015-04-25,2,R1
S0169403,2015-07-25 00:00:00,2015-08-22,2,R2
S0169403,2015-11-14 00:00:00,2015-12-08,27,R2
S0169403,2015-12-28 00:00:00,2016-01-09,5,R2
S0169403,2016-01-09 00:00:00,2016-02-06,22,R2
S0169403,2016-04-30 00:00:00,2016-05-14,5,R2
S0169403,2016-11-19 00:00:00,2016-12-03,5,R3
S0169403,2016-12-28 00:00:00,2017-01-07,2,R3
S0169403,2017-01-07 00:00:00,2017-01-21,5,R3
S0169403,2017-04-01 00:00:00,2017-04-29,2,R3
S0169404,2014-07-19 00:00:00,2014-08-16,2,R1
S0169404,2014-12-06 00:00:00,2015-01-03,22,R1
S0169404,2015-01-31 00:00:00,2015-02-28,2,R1
S0169404,2015-08-22 00:00:00,2015-09-19,27,R2
S0169404,2015-12-28 00:00:00,2016-01-09,5,R2
S0169404,2016-04-02 00:00:00,2016-04-30,2,R2
S0169404,2016-05-14 00:00:00,2016-05-28,5,R2
S0169404,2016-08-13 00:00:00,2016-09-10,27,R3
S0169404,2016-11-05 00:00:00,2016-11-19,5,R3
S0169404,2017-01-07 00:00:00,2017-02-04,2,R3
S0169404,2017-04-15 00:00:00,2017-04-29,5,R3
S0169406,2014-06-25 00:00:00,2014-07-19,2,R1
S0169406,2015-01-03 00:00:00,2015-01-31,22,R1
S0169406,2015-02-28 00:00:00,2015-03-28,2,R1
S0169406,2015-04-11 00:00:00,2015-04-25,5,R1
S0169406,2015-04-25 00:00:00,2015-05-23,2,R1
S0169406,2015-07-11 00:00:00,2015-07-25,5,R2
S0169406,2016-01-09 00:00:00,2016-01-23,5,R2
S0169406,2016-02-06 00:00:00,2016-03-05,2,R2
S0169406,2016-03-05 00:00:00,2016-04-02,27,R2
S0169406,2016-10-22 00:00:00,2016-11-05,5,R3
S0169406,2017-02-04 00:00:00,2017-03-04,2,R3
S0169411,2014-09-13 00:00:00,2014-10-11,2,R1
S0169411,2014-11-22 00:00:00,2014-12-06,5,R1
S0169411,2015-01-03 00:00:00,2015-01-31,2,R1
S0169411,2015-05-23 00:00:00,2015-06-25,2,R1
S0169411,2015-10-03 00:00:00,2015-10-17,5,R2
S0169411,2016-01-09 00:00:00,2016-02-06,27,R2
S0169411,2016-03-05 00:00:00,2016-04-02,2,R2
S0169411,2017-02-04 00:00:00,2017-03-04,22,R3
S0169411,2017-04-01 00:00:00,2017-04-29,2,R3
S0169411,2017-04-29 00:00:00,2017-05-13,5,R3
S0169412,2014-06-25 00:00:00,2014-07-19,2,R1
S0169412,2014-12-06 00:00:00,2015-01-03,2,R1
S0169412,2015-02-14 00:00:00,2015-02-28,5,R1
S0169412,2015-11-14 00:00:00,2015-12-08,5,R2
S0169412,2015-12-28 00:00:00,2016-01-09,2,R2
S0169412,2016-02-06 00:00:00,2016-03-05,27,R2
S0169412,2016-03-05 00:00:00,2016-03-19,5,R2
S0169412,2016-04-02 00:00:00,2016-04-30,22,R2
S0169901,2016-12-28 00:00:00,2017-01-07,5,R3
S0169901,2017-05-27 00:00:00,2017-06-25,2,R3
S0169901,2014-08-30 00:00:00,2014-09-13,5,R1
S0169901,2014-10-11 00:00:00,2014-11-08,2,R1
S0169901,2015-01-03 00:00:00,2015-01-31,2,R1
S0169901,2015-04-25 00:00:00,2015-05-09,5,R1
S0169901,2015-05-23 00:00:00,2015-06-25,22,R1
S0170320,2015-11-07 00:00:00,2015-12-05,22,R1
S0170320,2016-02-27 00:00:00,2016-03-26,2,R1
S0170320,2016-06-04 00:00:00,2016-06-25,5,R1
S0172056,2015-08-01 00:00:00,2015-08-15,5,R1
S0172056,2015-08-15 00:00:00,2015-09-12,2,R1
S0172056,2016-02-13 00:00:00,2016-02-27,5,R1
S0172056,2016-04-23 00:00:00,2016-05-21,2,R1
S0172056,2016-10-08 00:00:00,2016-11-05,27,R2
S0172056,2017-03-18 00:00:00,2017-04-01,5,R2
S0172085,2015-06-25 00:00:00,2015-07-18,2,R1
S0172085,2015-07-18 00:00:00,2015-08-15,22,R1
S0172085,2015-10-10 00:00:00,2015-10-24,5,R1
S0172085,2016-01-30 00:00:00,2016-02-13,5,R1
S0172085,2016-07-16 00:00:00,2016-07-30,5,R2
S0172085,2016-09-10 00:00:00,2016-10-08,2,R2
S0172085,2016-10-08 00:00:00,2016-10-22,5,R2
S0172085,2017-03-04 00:00:00,2017-04-01,27,R2
S0172645,2015-08-15 00:00:00,2015-08-29,5,R1
S0172645,2015-09-12 00:00:00,2015-10-10,2,R1
S0172645,2016-01-02 00:00:00,2016-01-30,2,R1
S0172645,2016-06-25 00:00:00,2016-07-16,5,R2
S0172645,2016-10-08 00:00:00,2016-11-05,22,R2
S0172645,2017-03-04 00:00:00,2017-04-01,27,R2
S0173803,2016-01-02 00:00:00,2016-01-30,2,R1
S0173803,2016-02-27 00:00:00,2016-03-12,5,R1
S0173803,2016-04-23 00:00:00,2016-05-21,2,R1
S0173803,2016-08-13 00:00:00,2016-08-27,5,R2
S0173803,2017-02-04 00:00:00,2017-02-18,5,R2
S0173803,2017-03-04 00:00:00,2017-04-01,27,R2
S0174975,2015-12-05 00:00:00,2016-01-02,2,R1
S0174975,2016-02-27 00:00:00,2016-03-26,2,R1
S0174975,2016-03-26 00:00:00,2016-04-09,5,R1
S0174975,2016-09-10 00:00:00,2016-10-08,27,R2
S0174975,2017-04-29 00:00:00,2017-05-13,5,R2
S0176040,2015-11-07 00:00:00,2015-12-05,2,R1
S0176040,2016-02-27 00:00:00,2016-03-26,2,R1
S0176040,2016-07-16 00:00:00,2016-08-13,27,R2
S0176040,2016-09-24 00:00:00,2016-10-08,5,R2
S0176040,2016-11-19 00:00:00,2016-12-03,5,R2
S0176040,2017-06-10 00:00:00,2017-06-25,5,R2
S0178516,2015-08-15 00:00:00,2015-09-12,2,R1
S0178516,2016-01-02 00:00:00,2016-01-30,2,R1
S0178516,2016-02-27 00:00:00,2016-03-12,5,R1
S0178516,2016-06-25 00:00:00,2016-07-16,5,R2
S0178516,2016-12-03 00:00:00,2016-12-28,2,R2
S0178516,2017-01-07 00:00:00,2017-02-04,27,R2
S0179409,2012-08-18 00:00:00,2012-09-01,5,R1
S0179409,2012-09-15 00:00:00,2012-10-13,2,R1
S0179409,2012-11-24 00:00:00,2012-12-08,5,R1
S0179409,2013-05-25 00:00:00,2013-06-25,2,R1
S0179409,2014-02-08 00:00:00,2014-03-08,27,R2
S0179409,2014-04-05 00:00:00,2014-05-03,22,R2
S0179409,2015-02-07 00:00:00,2015-02-21,5,R3
S0179409,2015-04-04 00:00:00,2015-05-02,27,R3
S0180474,2016-06-25 00:00:00,2016-07-23,2,R1
S0180474,2016-11-26 00:00:00,2016-12-10,5,R1
S0180474,2017-02-25 00:00:00,2017-03-25,2,R1
S0180927,2016-07-23 00:00:00,2016-08-20,2,R1
S0180927,2016-12-31 00:00:00,2017-01-28,2,R1
S0180927,2017-05-20 00:00:00,2017-06-25,2,R1
S0180991,2015-08-15 00:00:00,2015-09-12,2,R1
S0180991,2016-03-26 00:00:00,2016-04-23,22,R1
S0180991,2016-05-07 00:00:00,2016-05-21,5,R1
S0180992,2015-06-25 00:00:00,2015-07-18,22,R1
S0180992,2015-09-12 00:00:00,2015-10-10,2,R1
S0180992,2016-01-30 00:00:00,2016-02-27,2,R1
S0180992,2016-03-26 00:00:00,2016-04-09,5,R1
S0180997,2015-06-25 00:00:00,2015-07-18,2,R1
S0180997,2015-08-29 00:00:00,2015-09-12,5,R1
S0180997,2016-04-23 00:00:00,2016-05-21,22,R1
S0180997,2016-05-21 00:00:00,2016-06-25,2,R1
S0180998,2015-06-25 00:00:00,2015-07-04,5,R1
S0180998,2015-10-10 00:00:00,2015-11-07,2,R1
S0180998,2016-01-30 00:00:00,2016-02-27,22,R1
S0180998,2016-04-23 00:00:00,2016-05-21,2,R1
S0181000,2015-09-12 00:00:00,2015-09-26,5,R1
S0181000,2015-10-10 00:00:00,2015-11-07,2,R1
S0181000,2016-01-30 00:00:00,2016-02-27,2,R1
S0181000,2016-04-09 00:00:00,2016-04-23,5,R1
S0181000,2016-05-21 00:00:00,2016-06-25,2,R1
S0181001,2015-07-18 00:00:00,2015-08-15,2,R1
S0181001,2015-12-05 00:00:00,2016-01-02,22,R1
S0181001,2016-01-30 00:00:00,2016-02-27,2,R1
S0181001,2016-05-21 00:00:00,2016-06-25,2,R1
S0181004,2015-09-12 00:00:00,2015-10-10,2,R1
S0181004,2015-11-07 00:00:00,2015-12-05,22,R1
S0181004,2015-12-05 00:00:00,2016-01-02,2,R1
S0181005,2015-06-25 00:00:00,2015-07-04,5,R1
S0181005,2015-10-10 00:00:00,2015-11-07,2,R1
S0181005,2015-12-19 00:00:00,2016-01-02,5,R1
S0181005,2016-01-02 00:00:00,2016-01-30,22,R1
S0181005,2016-05-21 00:00:00,2016-06-25,2,R1
S0181057,2015-06-25 00:00:00,2015-07-18,2,R1
S0181057,2015-07-18 00:00:00,2015-08-15,22,R1
S0181057,2015-11-07 00:00:00,2015-11-21,5,R1
S0181057,2016-01-30 00:00:00,2016-02-27,2,R1
S0181057,2016-05-21 00:00:00,2016-06-25,2,R1
S0181057,2016-07-30 00:00:00,2016-08-13,5,R2
S0181057,2016-10-08 00:00:00,2016-11-05,2,R2
S0181057,2017-01-07 00:00:00,2017-02-04,27,R2
S0181057,2017-02-18 00:00:00,2017-03-04,5,R2
S0181058,2015-07-04 00:00:00,2015-07-18,5,R1
S0181058,2015-10-10 00:00:00,2015-11-07,2,R1
S0181058,2016-01-02 00:00:00,2016-01-30,22,R1
S0181058,2016-03-12 00:00:00,2016-03-26,5,R1
S0181058,2016-03-26 00:00:00,2016-04-23,2,R1
S0181059,2015-08-15 00:00:00,2015-09-12,2,R1
S0181059,2015-11-21 00:00:00,2015-12-05,5,R1
S0181059,2016-02-27 00:00:00,2016-03-26,2,R1
S0181059,2016-07-16 00:00:00,2016-08-13,27,R2
S0181059,2016-08-27 00:00:00,2016-09-10,5,R2
S0181059,2017-03-04 00:00:00,2017-03-18,5,R2
S0181060,2015-07-18 00:00:00,2015-08-15,2,R1
S0181060,2015-09-26 00:00:00,2015-10-10,5,R1
S0181060,2015-11-07 00:00:00,2015-12-05,2,R1
S0181060,2016-03-26 00:00:00,2016-04-23,22,R1
S0181060,2016-10-22 00:00:00,2016-11-05,5,R2
S0181060,2017-04-01 00:00:00,2017-04-29,27,R2
S0181060,2017-05-27 00:00:00,2017-06-25,2,R2
S0181061,2015-09-12 00:00:00,2015-10-10,2,R1
S0181061,2016-02-13 00:00:00,2016-02-27,5,R1
S0181061,2016-08-13 00:00:00,2016-09-10,27,R2
S0181061,2017-02-18 00:00:00,2017-03-04,5,R2
S0181061,2017-04-15 00:00:00,2017-04-29,5,R2
S0181062,2015-10-10 00:00:00,2015-10-24,5,R1
S0181062,2015-11-07 00:00:00,2015-12-05,2,R1
S0181062,2016-03-26 00:00:00,2016-04-23,2,R1
S0181062,2016-04-23 00:00:00,2016-05-07,5,R1
S0181062,2016-05-21 00:00:00,2016-06-25,22,R1
S0181063,2015-07-18 00:00:00,2015-08-01,5,R1
S0181063,2015-12-05 00:00:00,2016-01-02,2,R1
S0181063,2016-03-26 00:00:00,2016-04-23,2,R1
S0181063,2016-05-21 00:00:00,2016-06-25,22,R1
S0181063,2016-12-03 00:00:00,2016-12-28,27,R2
S0181063,2017-06-10 00:00:00,2017-06-25,5,R2
S0181064,2015-06-25 00:00:00,2015-07-18,2,R1
S0181064,2016-01-16 00:00:00,2016-01-30,5,R1
S0181064,2016-03-12 00:00:00,2016-03-26,5,R1
S0181064,2016-04-23 00:00:00,2016-05-21,2,R1
S0181064,2016-10-08 00:00:00,2016-11-05,27,R2
S0181064,2016-12-28 00:00:00,2017-01-07,2,R2
S0181064,2017-05-27 00:00:00,2017-06-10,5,R2
S0181065,2015-07-18 00:00:00,2015-08-01,5,R1
S0181065,2015-11-07 00:00:00,2015-12-05,2,R1
S0181065,2015-12-05 00:00:00,2016-01-02,22,R1
S0181065,2016-03-26 00:00:00,2016-04-23,2,R1
S0181065,2016-05-07 00:00:00,2016-05-21,5,R1
S0181065,2016-07-30 00:00:00,2016-08-13,5,R2
S0181065,2016-09-10 00:00:00,2016-10-08,2,R2
S0181065,2017-02-04 00:00:00,2017-03-04,27,R2
S0181065,2017-04-01 00:00:00,2017-04-15,5,R2
S0181066,2015-06-25 00:00:00,2015-07-18,2,R1
S0181066,2015-12-05 00:00:00,2016-01-02,2,R1
S0181066,2016-12-03 00:00:00,2016-12-28,27,R2
S0181066,2017-02-04 00:00:00,2017-02-18,5,R2
S0181067,2015-06-25 00:00:00,2015-07-18,2,R1
S0181067,2015-08-15 00:00:00,2015-09-12,2,R1
S0181067,2016-01-30 00:00:00,2016-02-27,2,R1
S0181067,2016-04-23 00:00:00,2016-05-07,5,R1
S0181067,2016-12-03 00:00:00,2016-12-28,27,R2
S0181067,2017-01-21 00:00:00,2017-02-04,5,R2
S0181067,2017-04-01 00:00:00,2017-04-15,5,R2
S0181067,2017-06-10 00:00:00,2017-06-25,5,R2
S0181069,2015-09-12 00:00:00,2015-10-10,2,R1
S0181069,2015-11-21 00:00:00,2015-12-05,5,R1
S0181069,2016-01-02 00:00:00,2016-01-30,2,R1
S0181069,2016-01-30 00:00:00,2016-02-13,5,R1
S0181069,2016-03-26 00:00:00,2016-04-23,2,R1
S0181069,2016-06-25 00:00:00,2016-07-16,5,R2
S0181069,2016-11-05 00:00:00,2016-12-03,27,R2
S0181069,2016-12-03 00:00:00,2016-12-15,5,R2
S0181069,2017-04-29 00:00:00,2017-05-27,2,R2
S0181070,2015-08-15 00:00:00,2015-09-12,2,R1
S0181070,2015-09-26 00:00:00,2015-10-10,5,R1
S0181070,2015-10-10 00:00:00,2015-11-07,22,R1
S0181070,2016-01-02 00:00:00,2016-01-30,2,R1
S0181070,2016-08-13 00:00:00,2016-09-10,27,R2
S0181070,2016-09-24 00:00:00,2016-10-08,5,R2
S0181073,2015-10-10 00:00:00,2015-11-07,2,R1
S0181073,2016-01-02 00:00:00,2016-01-30,2,R1
S0181073,2016-02-27 00:00:00,2016-03-26,22,R1
S0181073,2016-04-09 00:00:00,2016-04-23,5,R1
S0181073,2016-05-21 00:00:00,2016-06-25,2,R1
S0181073,2016-09-10 00:00:00,2016-09-24,5,R2
S0181073,2016-10-08 00:00:00,2016-11-05,27,R2
S0181073,2017-04-29 00:00:00,2017-05-27,2,R2
S0181074,2015-07-18 00:00:00,2015-08-15,2,R1
S0181074,2015-10-24 00:00:00,2015-11-07,5,R1
S0181074,2016-01-02 00:00:00,2016-01-16,5,R1
S0181074,2016-02-27 00:00:00,2016-03-26,2,R1
S0181074,2016-04-23 00:00:00,2016-05-21,2,R1
S0181074,2016-10-08 00:00:00,2016-11-05,2,R2
S0181074,2017-02-04 00:00:00,2017-03-04,27,R2
S0181074,2017-05-13 00:00:00,2017-05-27,5,R2
S0181075,2015-07-18 00:00:00,2015-08-15,2,R1
S0181075,2015-11-07 00:00:00,2015-12-05,2,R1
S0181075,2015-12-19 00:00:00,2016-01-02,5,R1
S0181075,2016-12-15 00:00:00,2016-12-28,5,R2
S0181075,2017-01-07 00:00:00,2017-02-04,27,R2
S0181075,2017-05-13 00:00:00,2017-05-27,5,R2
S0181077,2015-09-12 00:00:00,2015-10-10,22,R1
S0181077,2015-11-07 00:00:00,2015-11-21,5,R1
S0181077,2015-12-05 00:00:00,2016-01-02,2,R1
S0181077,2016-04-23 00:00:00,2016-05-21,2,R1
S0181077,2016-08-13 00:00:00,2016-09-10,2,R2
S0181077,2016-10-08 00:00:00,2016-11-05,27,R2
S0181077,2016-12-15 00:00:00,2016-12-28,5,R2
S0181077,2017-02-18 00:00:00,2017-03-04,5,R2
S0181078,2015-08-15 00:00:00,2015-09-12,2,R1
S0181078,2015-12-05 00:00:00,2016-01-02,2,R1
S0181078,2016-02-27 00:00:00,2016-03-26,2,R1
S0181078,2016-08-13 00:00:00,2016-09-10,27,R2
S0181078,2016-09-10 00:00:00,2016-10-08,2,R2
S0181078,2017-03-04 00:00:00,2017-03-18,5,R2
S0181078,2017-04-15 00:00:00,2017-04-29,5,R2
S0181079,2015-09-12 00:00:00,2015-10-10,2,R1
S0181079,2016-02-27 00:00:00,2016-03-26,2,R1
S0181079,2016-09-10 00:00:00,2016-10-08,2,R2
S0181079,2017-01-07 00:00:00,2017-02-04,27,R2
S0181079,2017-03-18 00:00:00,2017-04-01,5,R2
S0181081,2015-07-18 00:00:00,2015-08-15,2,R1
S0181081,2016-05-21 00:00:00,2016-06-25,2,R1
S0181081,2016-09-10 00:00:00,2016-10-08,27,R2
S0181081,2016-10-08 00:00:00,2016-11-05,2,R2
S0181081,2016-12-15 00:00:00,2016-12-28,5,R2
S0181081,2017-02-18 00:00:00,2017-03-04,5,R2
S0181082,2015-12-05 00:00:00,2016-01-02,2,R1
S0181082,2016-02-27 00:00:00,2016-03-26,22,R1
S0181082,2016-03-26 00:00:00,2016-04-23,2,R1
S0181082,2016-08-13 00:00:00,2016-09-10,2,R2
S0181082,2016-11-05 00:00:00,2016-11-19,5,R2
S0181082,2017-04-01 00:00:00,2017-04-29,27,R2
S0181083,2015-06-25 00:00:00,2015-07-18,2,R1
S0181083,2015-08-29 00:00:00,2015-09-12,5,R1
S0181083,2016-01-30 00:00:00,2016-02-27,2,R1
S0181083,2016-08-27 00:00:00,2016-09-10,5,R2
S0181083,2017-02-04 00:00:00,2017-02-18,5,R2
S0181083,2017-04-29 00:00:00,2017-05-27,27,R2
S0181085,2015-10-10 00:00:00,2015-11-07,2,R1
S0181085,2015-12-05 00:00:00,2015-12-19,5,R1
S0181085,2016-01-02 00:00:00,2016-01-30,2,R1
S0181085,2016-11-05 00:00:00,2016-11-19,5,R2
S0181085,2017-04-29 00:00:00,2017-05-27,27,R2
S0181086,2015-09-12 00:00:00,2015-10-10,22,R1
S0181086,2015-12-05 00:00:00,2016-01-02,2,R1
S0181086,2016-04-23 00:00:00,2016-05-21,2,R1
S0181086,2016-06-25 00:00:00,2016-07-16,27,R2
S0181086,2016-09-10 00:00:00,2016-09-24,5,R2
S0181086,2016-12-03 00:00:00,2016-12-28,2,R2
S0181086,2017-01-21 00:00:00,2017-02-04,5,R2
S0181086,2017-05-27 00:00:00,2017-06-25,2,R2
S0181087,2015-07-18 00:00:00,2015-08-15,2,R1
S0181087,2015-08-15 00:00:00,2015-09-12,22,R1
S0181087,2016-01-30 00:00:00,2016-02-27,2,R1
S0181087,2016-07-16 00:00:00,2016-08-13,27,R2
S0181087,2016-08-27 00:00:00,2016-09-10,5,R2
S0181087,2016-11-05 00:00:00,2016-12-03,2,R2
S0181087,2016-12-28 00:00:00,2017-01-07,5,R2
S0181088,2015-07-18 00:00:00,2015-08-15,2,R1
S0181088,2015-10-24 00:00:00,2015-11-07,5,R1
S0181088,2015-11-07 00:00:00,2015-12-05,2,R1
S0181088,2016-01-30 00:00:00,2016-02-27,22,R1
S0181088,2016-05-21 00:00:00,2016-06-25,2,R1
S0181088,2016-09-10 00:00:00,2016-10-08,27,R2
S0181088,2016-12-15 00:00:00,2016-12-28,5,R2
S0181088,2017-01-21 00:00:00,2017-02-04,5,R2
S0181088,2017-05-27 00:00:00,2017-06-25,2,R2
S0181525,2015-10-10 00:00:00,2015-11-07,2,R1
S0181525,2015-12-05 00:00:00,2015-12-19,5,R1
S0181525,2016-05-21 00:00:00,2016-06-04,5,R1
S0181525,2016-09-10 00:00:00,2016-10-08,27,R2
S0181525,2017-05-13 00:00:00,2017-05-27,5,R2
S0181526,2015-06-25 00:00:00,2015-07-18,22,R1
S0181526,2015-09-12 00:00:00,2015-10-10,2,R1
S0181526,2016-01-16 00:00:00,2016-01-30,5,R1
S0181526,2016-04-23 00:00:00,2016-05-21,2,R1
S0181526,2016-06-04 00:00:00,2016-06-25,5,R1
S0181526,2016-07-16 00:00:00,2016-08-13,2,R2
S0181526,2016-11-05 00:00:00,2016-11-19,5,R2
S0181526,2017-03-04 00:00:00,2017-04-01,27,R2
S0181526,2017-06-10 00:00:00,2017-06-25,5,R2
S0182038,2016-09-03 00:00:00,2016-09-17,5,R1
S0182038,2016-09-17 00:00:00,2016-10-15,2,R1
S0182038,2016-11-12 00:00:00,2016-12-10,2,R1
S0182038,2016-12-31 00:00:00,2017-01-28,2,R1
S0182038,2017-02-11 00:00:00,2017-02-25,5,R1
S0185661,2012-09-15 00:00:00,2012-10-13,2,R1
S0185661,2012-12-22 00:00:00,2013-01-05,5,R1
S0185661,2013-01-05 00:00:00,2013-02-02,2,R1
S0185661,2013-05-25 00:00:00,2013-06-08,5,R1
S0185661,2013-07-27 00:00:00,2013-08-10,5,R2
S0185661,2013-12-07 00:00:00,2013-12-28,5,R2
S0185661,2014-04-05 00:00:00,2014-05-03,27,R2
S0185661,2014-05-03 00:00:00,2014-05-31,22,R2
S0185661,2015-09-19 00:00:00,2015-10-03,5,R3
S0185661,2015-10-17 00:00:00,2015-11-14,2,R3
S0186952,2016-09-17 00:00:00,2016-10-15,2,R1
S0186952,2016-12-10 00:00:00,2016-12-31,5,R1
S0186952,2017-04-22 00:00:00,2017-05-20,2,R1
S0187071,2016-08-20 00:00:00,2016-09-17,2,R1
S0187071,2016-12-10 00:00:00,2016-12-31,2,R1
S0187071,2017-01-28 00:00:00,2017-02-25,22,R1
S0188098,2016-07-23 00:00:00,2016-08-20,2,R1
S0188098,2016-08-20 00:00:00,2016-09-17,22,R1
S0188098,2017-04-08 00:00:00,2017-04-22,5,R1
S0188098,2017-04-22 00:00:00,2017-05-20,2,R1
S0195075,2016-06-25 00:00:00,2016-07-23,2,R1
S0195075,2016-07-23 00:00:00,2016-08-20,22,R1
S0195075,2016-10-01 00:00:00,2016-10-15,5,R1
S0195075,2016-12-31 00:00:00,2017-01-28,2,R1
S0195076,2016-06-25 00:00:00,2016-07-23,2,R1
S0195076,2016-07-23 00:00:00,2016-08-20,22,R1
S0195076,2016-09-17 00:00:00,2016-10-01,5,R1
S0195076,2016-12-31 00:00:00,2017-01-28,2,R1
S0195076,2017-03-25 00:00:00,2017-04-08,5,R1
S0195079,2016-10-15 00:00:00,2016-10-29,5,R1
S0195079,2016-11-12 00:00:00,2016-12-10,2,R1
S0195079,2016-12-31 00:00:00,2017-01-28,22,R1
S0195079,2017-02-25 00:00:00,2017-03-25,2,R1
S0195086,2016-07-23 00:00:00,2016-08-20,2,R1
S0195086,2016-09-17 00:00:00,2016-10-15,22,R1
S0195086,2016-10-29 00:00:00,2016-11-12,5,R1
S0195086,2017-04-22 00:00:00,2017-05-20,2,R1
S0195094,2016-07-09 00:00:00,2016-07-23,5,R1
S0195094,2016-08-20 00:00:00,2016-09-17,22,R1
S0195094,2016-11-12 00:00:00,2016-12-10,2,R1
S0195094,2017-03-25 00:00:00,2017-04-22,2,R1
S0195097,2016-11-12 00:00:00,2016-12-10,22,R1
S0195097,2016-12-31 00:00:00,2017-01-28,2,R1
S0195097,2017-04-08 00:00:00,2017-04-22,5,R1
S0195097,2017-04-22 00:00:00,2017-05-20,2,R1
S0195201,2016-08-20 00:00:00,2016-09-03,5,R1
S0195201,2016-09-17 00:00:00,2016-10-15,2,R1
S0195201,2016-12-10 00:00:00,2016-12-31,2,R1
S0195201,2017-04-22 00:00:00,2017-05-20,2,R1
S0195202,2016-06-25 00:00:00,2016-07-23,2,R1
S0195202,2017-03-25 00:00:00,2017-04-22,2,R1
S0195203,2016-06-25 00:00:00,2016-07-23,2,R1
S0195203,2016-12-10 00:00:00,2016-12-31,2,R1
S0195203,2017-01-28 00:00:00,2017-02-25,22,R1
S0195205,2016-08-20 00:00:00,2016-09-17,2,R1
S0195205,2016-09-17 00:00:00,2016-10-01,5,R1
S0195205,2016-11-12 00:00:00,2016-11-26,5,R1
S0195205,2017-02-25 00:00:00,2017-03-25,2,R1
S0195205,2017-03-25 00:00:00,2017-04-22,22,R1
S0195206,2016-08-06 00:00:00,2016-08-20,5,R1
S0195206,2016-10-15 00:00:00,2016-11-12,2,R1
S0195206,2016-12-31 00:00:00,2017-01-28,22,R1
S0195206,2017-05-20 00:00:00,2017-06-25,2,R1
S0195207,2016-08-20 00:00:00,2016-09-17,2,R1
S0195207,2016-10-01 00:00:00,2016-10-15,5,R1
S0195207,2017-01-28 00:00:00,2017-02-25,2,R1
S0195207,2017-05-20 00:00:00,2017-06-25,22,R1
S0195208,2016-11-12 00:00:00,2016-12-10,2,R1
S0195208,2017-02-25 00:00:00,2017-03-25,2,R1
S0195208,2017-04-22 00:00:00,2017-05-06,5,R1
S0195210,2016-06-25 00:00:00,2016-07-23,22,R1
S0195210,2016-10-15 00:00:00,2016-11-12,2,R1
S0195210,2016-11-12 00:00:00,2016-11-26,5,R1
S0195210,2017-01-28 00:00:00,2017-02-25,2,R1
S0195210,2017-05-06 00:00:00,2017-05-20,5,R1
S0195213,2016-10-15 00:00:00,2016-11-12,2,R1
S0195213,2017-01-28 00:00:00,2017-02-25,2,R1
S0195213,2017-06-03 00:00:00,2017-06-25,5,R1
S0195214,2016-07-23 00:00:00,2016-08-20,2,R1
S0195214,2016-12-31 00:00:00,2017-01-14,5,R1
S0195214,2017-04-22 00:00:00,2017-05-20,2,R1
S0195215,2016-12-10 00:00:00,2016-12-31,2,R1
S0195215,2017-02-11 00:00:00,2017-02-25,5,R1
S0195215,2017-02-25 00:00:00,2017-03-25,2,R1
S0195215,2017-05-20 00:00:00,2017-06-25,2,R1
S0195216,2016-08-20 00:00:00,2016-09-17,2,R1
S0195216,2016-10-15 00:00:00,2016-11-12,22,R1
S0195216,2016-12-10 00:00:00,2016-12-31,2,R1
S0195216,2017-05-20 00:00:00,2017-06-03,5,R1
S0195217,2016-11-12 00:00:00,2016-12-10,2,R1
S0195217,2016-12-10 00:00:00,2016-12-31,22,R1
S0195217,2017-01-14 00:00:00,2017-01-28,5,R1
S0195217,2017-05-20 00:00:00,2017-06-25,2,R1
S0195218,2016-07-09 00:00:00,2016-07-23,5,R1
S0195218,2016-08-20 00:00:00,2016-09-17,2,R1
S0195220,2016-06-25 00:00:00,2016-07-09,5,R1
S0195220,2016-07-23 00:00:00,2016-08-20,2,R1
S0195220,2016-10-29 00:00:00,2016-11-12,5,R1
S0195220,2016-11-12 00:00:00,2016-12-10,22,R1
S0195220,2017-03-25 00:00:00,2017-04-22,2,R1
S0195223,2016-08-20 00:00:00,2016-09-17,2,R1
S0195223,2017-02-25 00:00:00,2017-03-25,2,R1
S0195223,2017-03-25 00:00:00,2017-04-22,22,R1
S0195223,2017-05-06 00:00:00,2017-05-20,5,R1
S0195224,2016-10-15 00:00:00,2016-11-12,2,R1
S0195224,2016-11-26 00:00:00,2016-12-10,5,R1
S0195224,2017-02-25 00:00:00,2017-03-25,22,R1
S0195224,2017-05-20 00:00:00,2017-06-25,2,R1
S0195225,2016-10-15 00:00:00,2016-11-12,2,R1
S0195225,2017-05-20 00:00:00,2017-06-25,2,R1
S0195226,2016-07-23 00:00:00,2016-08-20,2,R1
S0195226,2016-12-31 00:00:00,2017-01-28,2,R1
S0195226,2017-03-11 00:00:00,2017-03-25,5,R1
S0195226,2017-05-20 00:00:00,2017-06-25,22,R1
S0195227,2016-08-20 00:00:00,2016-09-17,2,R1
S0195227,2016-10-15 00:00:00,2016-10-29,5,R1
S0195227,2016-12-10 00:00:00,2016-12-31,2,R1
S0195227,2017-03-11 00:00:00,2017-03-25,5,R1
S0195229,2016-06-25 00:00:00,2016-07-09,5,R1
S0195229,2016-07-23 00:00:00,2016-08-20,2,R1
S0195229,2016-12-10 00:00:00,2016-12-31,2,R1
S0195230,2016-09-17 00:00:00,2016-10-15,2,R1
S0195230,2017-02-25 00:00:00,2017-03-11,5,R1
S0195230,2017-03-25 00:00:00,2017-04-22,2,R1
S0195230,2017-04-22 00:00:00,2017-05-20,22,R1
S0195232,2016-06-25 00:00:00,2016-07-23,2,R1
S0195232,2016-07-23 00:00:00,2016-08-06,5,R1
S0195232,2017-01-14 00:00:00,2017-01-28,5,R1
S0195232,2017-04-22 00:00:00,2017-05-20,2,R1
S0195235,2016-11-12 00:00:00,2016-12-10,2,R1
S0195236,2016-07-23 00:00:00,2016-08-20,2,R1
S0195236,2016-12-10 00:00:00,2016-12-31,2,R1
S0195237,2016-10-15 00:00:00,2016-11-12,2,R1
S0195237,2017-02-25 00:00:00,2017-03-25,2,R1
S0196156,2016-12-10 00:00:00,2016-12-31,22,R1
S0196156,2017-01-28 00:00:00,2017-02-25,2,R1
S0196156,2017-02-25 00:00:00,2017-03-11,5,R1
S0196156,2017-03-25 00:00:00,2017-04-22,2,R1
S0196588,2016-06-25 00:00:00,2016-07-23,22,R1
S0196588,2016-09-17 00:00:00,2016-10-15,2,R1
S0196588,2016-12-31 00:00:00,2017-01-28,2,R1
S0196588,2017-01-28 00:00:00,2017-02-11,5,R1
S0196588,2017-06-03 00:00:00,2017-06-25,5,R1
S0196591,2015-07-18 00:00:00,2015-08-15,2,R1
S0196591,2016-03-26 00:00:00,2016-04-23,2,R1
S0196591,2016-07-16 00:00:00,2016-07-30,5,R2
S0196591,2016-08-13 00:00:00,2016-09-10,2,R2
S0196591,2016-11-19 00:00:00,2016-12-03,5,R2
S0196591,2016-12-03 00:00:00,2016-12-28,27,R2
S0196591,2017-05-27 00:00:00,2017-06-25,27,R2
S0196593,2016-10-15 00:00:00,2016-11-12,2,R1
S0196593,2017-02-25 00:00:00,2017-03-25,2,R1
S0196593,2017-05-20 00:00:00,2017-06-03,5,R1
S0196595,2016-06-25 00:00:00,2016-07-23,2,R1
S0196595,2016-09-03 00:00:00,2016-09-17,5,R1
S0196595,2017-01-28 00:00:00,2017-02-25,2,R1
S0196595,2017-05-20 00:00:00,2017-06-25,2,R1
S0196597,2016-09-17 00:00:00,2016-10-15,2,R1
S0196597,2017-01-28 00:00:00,2017-02-11,5,R1
S0196597,2017-05-20 00:00:00,2017-06-25,2,R1
S0200362,2012-08-11 00:00:00,2012-08-25,5,R2
S0200362,2012-09-22 00:00:00,2012-10-20,2,R2
S0200362,2013-04-06 00:00:00,2013-05-04,27,R2
S0200362,2013-06-15 00:00:00,2013-07-01,5,R2
S0200362,2013-10-19 00:00:00,2013-11-02,5,R3
S0200362,2013-11-16 00:00:00,2013-12-28,2,R3
S0205157,2012-07-28 00:00:00,2012-08-11,5,R2
S0205157,2012-12-08 00:00:00,2012-12-24,5,R2
S0205157,2012-12-29 00:00:00,2013-01-12,2,R2
S0205157,2013-01-12 00:00:00,2013-02-09,27,R2
S0205157,2013-06-15 00:00:00,2013-07-01,5,R2
S0205157,2013-07-27 00:00:00,2013-08-24,2,R3
S0205157,2014-01-11 00:00:00,2014-01-25,5,R3
S0205157,2014-02-08 00:00:00,2014-03-08,27,R3
S0205157,2014-04-05 00:00:00,2014-04-19,5,R3
S0205728,2016-08-06 00:00:00,2016-08-20,5,R1
S0205728,2016-09-17 00:00:00,2016-10-15,2,R1
S0205728,2016-10-15 00:00:00,2016-11-12,22,R1
S0205728,2017-01-28 00:00:00,2017-02-25,2,R1
S0205728,2017-03-25 00:00:00,2017-04-22,2,R1
S0207880,2012-08-25 00:00:00,2012-09-08,5,R2
S0207880,2013-01-26 00:00:00,2013-02-09,5,R2
S0207880,2014-04-05 00:00:00,2014-05-03,27,R3
S0207880,2014-05-03 00:00:00,2014-05-17,5,R3
S0209643,2014-09-13 00:00:00,2014-09-27,5,R1
S0209643,2014-11-08 00:00:00,2014-12-06,2,R1
S0209643,2015-04-25 00:00:00,2015-05-23,2,R1
S0209643,2015-05-23 00:00:00,2015-06-25,22,R1
S0209643,2015-07-25 00:00:00,2015-08-22,27,R2
S0209643,2015-12-28 00:00:00,2016-01-09,27,R2
S0209643,2016-05-28 00:00:00,2016-06-25,2,R2
S0209643,2016-06-25 00:00:00,2016-07-16,2,R3
S0209643,2016-08-13 00:00:00,2016-08-27,5,R3
S0209643,2016-11-05 00:00:00,2016-12-03,2,R3
S0211033,2013-06-25 00:00:00,2013-07-20,2,R1
S0211033,2014-02-15 00:00:00,2014-03-01,5,R1
S0211033,2014-03-01 00:00:00,2014-03-29,22,R1
S0211033,2014-04-26 00:00:00,2014-05-24,2,R1
S0211299,2016-06-25 00:00:00,2016-07-23,2,R1
S0211300,2016-06-25 00:00:00,2016-07-23,2,R1
S0211301,2016-06-25 00:00:00,2016-07-23,2,R1
S0211309,2016-06-25 00:00:00,2016-07-23,2,R1
S0211319,2016-06-25 00:00:00,2016-07-23,2,R1
S0211328,2016-06-25 00:00:00,2016-07-23,2,R1
S0211330,2016-06-25 00:00:00,2016-07-23,2,R1
S0211346,2016-06-25 00:00:00,2016-07-23,5,R1
S0276750,2016-06-25 00:00:00,2016-07-23,5,R1
S0276781,2016-06-25 00:00:00,2016-07-23,2,R1
S0276861,2016-06-25 00:00:00,2016-07-23,22,R1
S0276863,2016-06-25 00:00:00,2016-07-23,22,R1
S0279227,2012-08-11 00:00:00,2012-08-25,5,R2
S0279227,2013-02-09 00:00:00,2013-03-09,27,R2
S0279227,2013-04-06 00:00:00,2013-04-20,5,R2
S0279227,2013-06-15 00:00:00,2013-07-01,5,R2
S0279227,2013-07-01 00:00:00,2013-07-27,27,R3
S0279227,2013-12-28 00:00:00,2014-01-11,2,R3
S0281931,2014-07-19 00:00:00,2014-08-16,2,R1
S0281931,2014-09-13 00:00:00,2014-10-11,2,R1
S0281931,2014-11-22 00:00:00,2014-12-06,5,R1
S0281931,2015-03-28 00:00:00,2015-04-25,2,R1
S0281931,2015-10-17 00:00:00,2015-11-14,2,R2
S0281931,2015-12-08 00:00:00,2015-12-28,5,R2
S0281931,2016-04-16 00:00:00,2016-04-30,5,R2
S0281931,2016-05-28 00:00:00,2016-06-25,27,R2
S0281931,2016-06-25 00:00:00,2016-07-16,22,R3
S0281931,2016-11-05 00:00:00,2016-12-03,27,R3
S0281931,2017-02-04 00:00:00,2017-02-18,5,R3
S0281931,2017-04-01 00:00:00,2017-04-29,2,R3
S0281931,2017-05-27 00:00:00,2017-06-10,5,R3
